,date,year,month,elevation_ft,monthly_precip_inches,snow_water_equiv_in
0,1950-01-01,1950,1,4197.15,1.7999999999999998,
1,1950-02-01,1950,2,4197.4,1.19,
2,1950-03-01,1950,3,4197.9,0.98,
3,1950-04-01,1950,4,4198.15,1.29,
4,1950-05-01,1950,5,4198.35,2.18,
5,1950-06-01,1950,6,4198.8,0.16,
6,1950-07-01,1950,7,4198.65,1.06,
7,1950-08-01,1950,8,4198.3,0.03,
8,1950-09-01,1950,9,4197.9,1.73,
9,1950-10-01,1950,10,4197.55,0.5800000000000001,
10,1950-11-01,1950,11,4197.6,2.0,
11,1950-12-01,1950,12,4197.9,0.49,
12,1951-01-01,1951,1,4198.3,1.6900000000000002,
13,1951-02-01,1951,2,4198.5,0.64,
14,1951-03-01,1951,3,4198.95,1.26,
15,1951-04-01,1951,4,4199.2,2.6,
16,1951-05-01,1951,5,4199.45,0.87,
17,1951-06-01,1951,6,4199.9,0.09,
18,1951-07-01,1951,7,4199.55,2.17,
19,1951-08-01,1951,8,4199.15,1.79,
20,1951-09-01,1951,9,4198.85,0.0,
21,1951-10-01,1951,10,4198.45,1.9,
22,1951-11-01,1951,11,4198.35,1.59,
23,1951-12-01,1951,12,4198.55,2.9,
24,1952-01-01,1952,1,4198.8,2.2,
25,1952-02-01,1952,2,4199.2,1.84,
26,1952-03-01,1952,3,4199.5,3.56,
27,1952-04-01,1952,4,4200.05,1.86,
28,1952-05-01,1952,5,4200.6,1.07,
29,1952-06-01,1952,6,4200.95,1.07,
30,1952-07-01,1952,7,4200.75,1.09,
31,1952-08-01,1952,8,4200.4,0.19,
32,1952-09-01,1952,9,4199.9,0.02,
33,1952-10-01,1952,10,4199.55,0.0,
34,1952-11-01,1952,11,4199.4,1.08,
35,1952-12-01,1952,12,4199.35,1.16,
36,1953-01-01,1953,1,4199.6,2.73,
37,1953-02-01,1953,2,4200.05,0.39,
38,1953-03-01,1953,3,4200.2,0.86,
39,1953-04-01,1953,4,4200.3,2.77,
40,1953-05-01,1953,5,4200.5,1.05,
41,1953-06-01,1953,6,4200.55,0.51,
42,1953-07-01,1953,7,4200.5,0.81,
43,1953-08-01,1953,8,4200.0,0.88,
44,1953-09-01,1953,9,4199.35,0.13,
45,1953-10-01,1953,10,4198.95,0.32,
46,1953-11-01,1953,11,4198.75,0.96,
47,1953-12-01,1953,12,4198.75,0.91,
48,1954-01-01,1954,1,4198.8,0.8999999999999999,
49,1954-02-01,1954,2,4199.05,0.81,
50,1954-03-01,1954,3,4199.15,1.5,
51,1954-04-01,1954,4,4199.3,0.65,
52,1954-05-01,1954,5,4199.35,0.63,
53,1954-06-01,1954,6,4199.05,1.83,
54,1954-07-01,1954,7,4198.85,0.91,
55,1954-08-01,1954,8,4198.35,1.77,
56,1954-09-01,1954,9,4197.7,0.5900000000000001,
57,1954-10-01,1954,10,4197.35,0.54,
58,1954-11-01,1954,11,4197.15,1.61,
59,1954-12-01,1954,12,4197.25,0.69,
60,1955-01-01,1955,1,4197.3,1.34,
61,1955-02-01,1955,2,4197.45,1.31,
62,1955-03-01,1955,3,4197.6,0.2,
63,1955-04-01,1955,4,4197.85,2.04,
64,1955-05-01,1955,5,4198.05,1.35,
65,1955-06-01,1955,6,4197.95,0.95,
66,1955-07-01,1955,7,4197.8,0.8,
67,1955-08-01,1955,8,4197.3,0.44,
68,1955-09-01,1955,9,4196.95,0.97,
69,1955-10-01,1955,10,4196.55,0.9,
70,1955-11-01,1955,11,4196.4,2.24,
71,1955-12-01,1955,12,4196.45,1.09,
72,1956-01-01,1956,1,4196.85,2.39,
73,1956-02-01,1956,2,4197.3,1.1,
74,1956-03-01,1956,3,4197.5,0.0999999999999999,
75,1956-04-01,1956,4,4197.6,1.5,
76,1956-05-01,1956,5,4197.75,2.33,
77,1956-06-01,1956,6,4197.85,0.63,
78,1956-07-01,1956,7,4197.5,0.08,
79,1956-08-01,1956,8,4197.05,0.03,
80,1956-09-01,1956,9,4196.35,0.14,
81,1956-10-01,1956,10,4196.0,1.86,
82,1956-11-01,1956,11,4195.9,0.56,
83,1956-12-01,1956,12,4195.9,1.67,
84,1957-01-01,1957,1,4196.15,1.37,
85,1957-02-01,1957,2,4196.3,0.72,
86,1957-03-01,1957,3,4196.55,2.1799999999999997,
87,1957-04-01,1957,4,4196.75,3.24,
88,1957-05-01,1957,5,4197.0,3.37,
89,1957-06-01,1957,6,4197.45,1.47,
90,1957-07-01,1957,7,4197.4,0.31,
91,1957-08-01,1957,8,4196.95,1.69,
92,1957-09-01,1957,9,4196.3,0.33,
93,1957-10-01,1957,10,4196.0,0.78,
94,1957-11-01,1957,11,4195.85,1.37,
95,1957-12-01,1957,12,4195.95,1.61,
96,1958-01-01,1958,1,4196.15,0.87,
97,1958-02-01,1958,2,4196.35,2.2,
98,1958-03-01,1958,3,4196.8,2.19,
99,1958-04-01,1958,4,4196.95,2.92,
100,1958-05-01,1958,5,4197.4,0.3,
101,1958-06-01,1958,6,4197.4,0.04,
102,1958-07-01,1958,7,4196.95,0.05,
103,1958-08-01,1958,8,4196.35,0.2299999999999999,
104,1958-09-01,1958,9,4195.9,0.25,
105,1958-10-01,1958,10,4195.5,0.0,
106,1958-11-01,1958,11,4195.25,1.13,
107,1958-12-01,1958,12,4195.3,0.54,
108,1959-01-01,1959,1,4195.5,1.6,
109,1959-02-01,1959,2,4195.75,1.41,
110,1959-03-01,1959,3,4195.95,0.79,
111,1959-04-01,1959,4,4196.0,1.61,
112,1959-05-01,1959,5,4196.05,2.05,
113,1959-06-01,1959,6,4195.95,1.38,
114,1959-07-01,1959,7,4195.7,0.19,
115,1959-08-01,1959,8,4195.3,1.76,
116,1959-09-01,1959,9,4194.8,1.66,
117,1959-10-01,1959,10,4194.5,0.22,
118,1959-11-01,1959,11,4194.4,0.1,
119,1959-12-01,1959,12,4194.3,1.05,
120,1960-01-01,1960,1,4194.5,0.96,
121,1960-02-01,1960,2,4194.65,1.58,
122,1960-03-01,1960,3,4194.85,2.45,
123,1960-04-01,1960,4,4195.3,1.11,
124,1960-05-01,1960,5,4195.3,0.73,
125,1960-06-01,1960,6,4195.15,0.39,
126,1960-07-01,1960,7,4194.75,0.02,
127,1960-08-01,1960,8,4194.25,1.33,
128,1960-09-01,1960,9,4193.65,0.49,
129,1960-10-01,1960,10,4193.325000000001,1.19,
130,1960-11-01,1960,11,4193.2,1.73,
131,1960-12-01,1960,12,4193.25,0.39,
132,1961-01-01,1961,1,4193.35,0.09,
133,1961-02-01,1961,2,4193.45,2.06,
134,1961-03-01,1961,3,4193.65,1.85,
135,1961-04-01,1961,4,4193.775,0.95,
136,1961-05-01,1961,5,4193.6,0.24,
137,1961-06-01,1961,6,4193.325,0.09,
138,1961-07-01,1961,7,4192.925,0.54,
139,1961-08-01,1961,8,4192.35,1.2,
140,1961-09-01,1961,9,4191.799999999999,1.1,
141,1961-10-01,1961,10,4191.7,1.6,
142,1961-11-01,1961,11,4191.6,1.15,
143,1961-12-01,1961,12,4191.8,0.88,
144,1962-01-01,1962,1,4192.05,0.8400000000000001,
145,1962-02-01,1962,2,4192.2,1.43,
146,1962-03-01,1962,3,4193.025,2.34,
147,1962-04-01,1962,4,4193.35,2.98,
148,1962-05-01,1962,5,4193.625,2.12,
149,1962-06-01,1962,6,4193.825000000001,0.49,
150,1962-07-01,1962,7,4193.525,2.5199999999999996,
151,1962-08-01,1962,8,4192.975,0.26,
152,1962-09-01,1962,9,4192.425,0.27,
153,1962-10-01,1962,10,4192.025,0.93,
154,1962-11-01,1962,11,4191.9,0.44,
155,1962-12-01,1962,12,4191.9,0.2799999999999999,
156,1963-01-01,1963,1,4191.95,0.53,
157,1963-02-01,1963,2,4192.1,0.6699999999999999,
158,1963-03-01,1963,3,4192.35,2.1100000000000003,
159,1963-04-01,1963,4,4192.475,3.86,
160,1963-05-01,1963,5,4192.8,0.23,
161,1963-06-01,1963,6,4192.875,1.67,
162,1963-07-01,1963,7,4192.65,0.0,
163,1963-08-01,1963,8,4192.025,0.54,
164,1963-09-01,1963,9,4191.6,1.08,
165,1963-10-01,1963,10,4191.425,1.05,
166,1963-11-01,1963,11,4191.4,1.56,
167,1963-12-01,1963,12,4191.725,0.79,
168,1964-01-01,1964,1,4191.85,0.94,
169,1964-02-01,1964,2,4191.975,0.35,
170,1964-03-01,1964,3,4192.075000000001,2.26,
171,1964-04-01,1964,4,4192.6,2.69,
172,1964-05-01,1964,5,4193.175,2.77,
173,1964-06-01,1964,6,4193.65,2.61,
174,1964-07-01,1964,7,4194.075,0.26,
175,1964-08-01,1964,8,4193.475,0.17,
176,1964-09-01,1964,9,4192.9,0.13,
177,1964-10-01,1964,10,4192.55,0.45,
178,1964-11-01,1964,11,4192.4,1.42,
179,1964-12-01,1964,12,4192.45,3.82,
180,1965-01-01,1965,1,4193.025,2.13,
181,1965-02-01,1965,2,4193.475,1.13,
182,1965-03-01,1965,3,4193.674999999999,0.14,
183,1965-04-01,1965,4,4193.75,2.3,
184,1965-05-01,1965,5,4194.15,2.02,
185,1965-06-01,1965,6,4194.225,1.87,
186,1965-07-01,1965,7,4194.125,1.5,
187,1965-08-01,1965,8,4193.8,2.08,
188,1965-09-01,1965,9,4193.7,1.93,
189,1965-10-01,1965,10,4193.775,0.39,
190,1965-11-01,1965,11,4193.825000000001,1.13,
191,1965-12-01,1965,12,4194.25,1.81,
192,1966-01-01,1966,1,4194.549999999999,0.41,
193,1966-02-01,1966,2,4194.85,1.1900000000000002,
194,1966-03-01,1966,3,4195.275,1.21,
195,1966-04-01,1966,4,4195.575000000001,1.43,
196,1966-05-01,1966,5,4195.575000000001,0.51,
197,1966-06-01,1966,6,4195.275,0.07,
198,1966-07-01,1966,7,4194.725,0.3299999999999999,
199,1966-08-01,1966,8,4194.200000000001,0.22,
200,1966-09-01,1966,9,4193.6,0.8300000000000001,
201,1966-10-01,1966,10,4193.35,1.18,
202,1966-11-01,1966,11,4193.25,0.75,
203,1966-12-01,1966,12,4193.35,0.8600000000000001,
204,1967-01-01,1967,1,4193.5,2.0500000000000003,
205,1967-02-01,1967,2,4193.775,0.6699999999999999,
206,1967-03-01,1967,3,4193.95,1.94,
207,1967-04-01,1967,4,4194.075000000001,2.08,
208,1967-05-01,1967,5,4194.35,2.15,
209,1967-06-01,1967,6,4194.65,2.73,
210,1967-07-01,1967,7,4195.049999999999,1.14,
211,1967-08-01,1967,8,4194.525,0.07,
212,1967-09-01,1967,9,4194.049999999999,0.73,
213,1967-10-01,1967,10,4193.825000000001,0.66,
214,1967-11-01,1967,11,4193.825000000001,0.6599999999999999,
215,1967-12-01,1967,12,4193.9,1.64,
216,1968-01-01,1968,1,4194.075,0.46,
217,1968-02-01,1968,2,4194.3,2.32,
218,1968-03-01,1968,3,4194.975,2.21,
219,1968-04-01,1968,4,4195.35,2.82,
220,1968-05-01,1968,5,4195.424999999999,2.18,
221,1968-06-01,1968,6,4195.5,1.5799999999999998,
222,1968-07-01,1968,7,4195.325,0.09,
223,1968-08-01,1968,8,4194.825,3.66,
224,1968-09-01,1968,9,4194.6,0.56,
225,1968-10-01,1968,10,4194.25,1.64,
226,1968-11-01,1968,11,4194.424999999999,1.32,
227,1968-12-01,1968,12,4194.625,2.27,
228,1969-01-01,1969,1,4195.0,1.69,
229,1969-02-01,1969,2,4195.6,2.84,
230,1969-03-01,1969,3,4196.175,0.57,
231,1969-04-01,1969,4,4196.85,1.38,
232,1969-05-01,1969,5,4197.075000000001,0.18,
233,1969-06-01,1969,6,4196.799999999999,2.83,
234,1969-07-01,1969,7,4196.6,1.51,
235,1969-08-01,1969,8,4196.15,0.34,
236,1969-09-01,1969,9,4195.575,0.18,
237,1969-10-01,1969,10,4195.175,1.96,
238,1969-11-01,1969,11,4195.3,0.92,
239,1969-12-01,1969,12,4195.5,1.69,
240,1970-01-01,1970,1,4195.7,1.24,
241,1970-02-01,1970,2,4196.175,0.94,
242,1970-03-01,1970,3,4196.325000000001,1.01,
243,1970-04-01,1970,4,4196.35,3.25,
244,1970-05-01,1970,5,4196.35,0.89,
245,1970-06-01,1970,6,4196.395,1.63,
246,1970-07-01,1970,7,4196.15,0.86,
247,1970-08-01,1970,8,4195.6,0.57,
248,1970-09-01,1970,9,4195.175,2.8,
249,1970-10-01,1970,10,4194.875,1.61,
250,1970-11-01,1970,11,4195.025,2.27,
251,1970-12-01,1970,12,4195.375,2.8,
252,1971-01-01,1971,1,4195.725,1.06,
253,1971-02-01,1971,2,4196.375,2.13,
254,1971-03-01,1971,3,4196.75,1.01,
255,1971-04-01,1971,4,4197.025,2.16,
256,1971-05-01,1971,5,4197.65,1.34,
257,1971-06-01,1971,6,4197.95,0.64,
258,1971-07-01,1971,7,4197.9,0.94,
259,1971-08-01,1971,8,4197.4,2.15,
260,1971-09-01,1971,9,4197.05,1.75,
261,1971-10-01,1971,10,4196.925,3.23,
262,1971-11-01,1971,11,4197.299999999999,1.03,
263,1971-12-01,1971,12,4197.625,1.35,
264,1972-01-01,1972,1,4197.925,1.22,
265,1972-02-01,1972,2,4198.325,0.48,
266,1972-03-01,1972,3,4198.799999999999,1.1800000000000002,
267,1972-04-01,1972,4,4199.125,3.62,
268,1972-05-01,1972,5,4199.55,0.14,
269,1972-06-01,1972,6,4199.45,0.15,
270,1972-07-01,1972,7,4199.075,0.06,
271,1972-08-01,1972,8,4198.5,0.21,
272,1972-09-01,1972,9,4198.025,1.36,
273,1972-10-01,1972,10,4197.924999999999,2.74,
274,1972-11-01,1972,11,4198.175,1.36,
275,1972-12-01,1972,12,4198.424999999999,3.22,
276,1973-01-01,1973,1,4198.7,1.49,
277,1973-02-01,1973,2,4199.075,0.91,
278,1973-03-01,1973,3,4199.575000000001,2.67,
279,1973-04-01,1973,4,4200.174999999999,1.64,
280,1973-05-01,1973,5,4200.4,1.7399999999999998,
281,1973-06-01,1973,6,4200.4,0.19,
282,1973-07-01,1973,7,4200.0,1.07,
283,1973-08-01,1973,8,4199.575,1.16,
284,1973-09-01,1973,9,4199.15,4.07,
285,1973-10-01,1973,10,4199.2,0.67,
286,1973-11-01,1973,11,4199.225,2.52,
287,1973-12-01,1973,12,4199.4,2.26,
288,1974-01-01,1974,1,4199.625,1.8,
289,1974-02-01,1974,2,4199.950000000001,1.65,
290,1974-03-01,1974,3,4200.375,0.97,
291,1974-04-01,1974,4,4200.875,4.57,
292,1974-05-01,1974,5,4201.2,0.3899999999999999,
293,1974-06-01,1974,6,4201.275,0.28,
294,1974-07-01,1974,7,4200.725,0.18,
295,1974-08-01,1974,8,4200.025,0.32,
296,1974-09-01,1974,9,4199.5,0.03,
297,1974-10-01,1974,10,4199.2,2.03,
298,1974-11-01,1974,11,4199.325000000001,0.9,
299,1974-12-01,1974,12,4199.4,1.34,
300,1975-01-01,1975,1,4199.55,1.28,
301,1975-02-01,1975,2,4199.725,1.24,
302,1975-03-01,1975,3,4200.075,3.44,
303,1975-04-01,1975,4,4200.525,2.46,
304,1975-05-01,1975,5,4201.025,2.58,
305,1975-06-01,1975,6,4201.450000000001,1.81,
306,1975-07-01,1975,7,4201.424999999999,0.28,
307,1975-08-01,1975,8,4200.9,0.1,
308,1975-09-01,1975,9,4200.299999999999,0.08,
309,1975-10-01,1975,10,4199.95,1.91,
310,1975-11-01,1975,11,4200.15,1.71,
311,1975-12-01,1975,12,4200.375,1.03,
312,1976-01-01,1976,1,4200.65,0.63,
313,1976-02-01,1976,2,4200.950000000001,1.9,
314,1976-03-01,1976,3,4201.35,1.9,
315,1976-04-01,1976,4,4201.75,2.47,
316,1976-05-01,1976,5,4202.15,0.99,
317,1976-06-01,1976,6,4202.125,1.24,
318,1976-07-01,1976,7,4201.700000000001,1.55,
319,1976-08-01,1976,8,4201.075,0.82,
320,1976-09-01,1976,9,4200.6,0.16,
321,1976-10-01,1976,10,4200.4,0.57,
322,1976-11-01,1976,11,4200.325000000001,0.03,
323,1976-12-01,1976,12,4200.35,0.08,
324,1977-01-01,1977,1,4200.475,0.76,
325,1977-02-01,1977,2,4200.55,0.64,
326,1977-03-01,1977,3,4200.7,3.1,
327,1977-04-01,1977,4,4200.75,0.59,
328,1977-05-01,1977,5,4200.575,4.76,
329,1977-06-01,1977,6,4200.65,0.06,
330,1977-07-01,1977,7,4200.1,0.61,
331,1977-08-01,1977,8,4199.525,1.85,
332,1977-09-01,1977,9,4199.125,1.85,
333,1977-10-01,1977,10,4198.85,0.8300000000000001,
334,1977-11-01,1977,11,4198.674999999999,1.2,
335,1977-12-01,1977,12,4198.674999999999,1.42,
336,1978-01-01,1978,1,4198.825000000001,2.33,
337,1978-02-01,1978,2,4199.200000000001,1.96,
338,1978-03-01,1978,3,4199.525,3.47,
339,1978-04-01,1978,4,4199.875,2.9,
340,1978-05-01,1978,5,4200.2,1.57,
341,1978-06-01,1978,6,4200.225,0.06,
342,1978-07-01,1978,7,4199.725,0.06,
343,1978-08-01,1978,8,4199.075,0.92,
344,1978-09-01,1978,9,4198.575,2.51,
345,1978-10-01,1978,10,4198.5,0.0,
346,1978-11-01,1978,11,4198.4,1.73,
347,1978-12-01,1978,12,4198.525,0.5800000000000001,
348,1979-01-01,1979,1,4198.674999999999,0.72,
349,1979-02-01,1979,2,4198.825,1.05,
350,1979-03-01,1979,3,4199.25,0.8,
351,1979-04-01,1979,4,4199.8,1.04,
352,1979-05-01,1979,5,4199.875,0.84,
353,1979-06-01,1979,6,4199.625,0.35,
354,1979-07-01,1979,7,4199.075,0.3999999999999999,
355,1979-08-01,1979,8,4198.5,0.63,
356,1979-09-01,1979,9,4198.0,0.05,
357,1979-10-01,1979,10,4197.575,1.29,
358,1979-11-01,1979,11,4197.575000000001,0.98,
359,1979-12-01,1979,12,4197.625,0.55,
360,1980-01-01,1980,1,4197.775,2.87,
361,1980-02-01,1980,2,4198.3,2.25,
362,1980-03-01,1980,3,4198.975,2.46,
363,1980-04-01,1980,4,4199.25,0.89,
364,1980-05-01,1980,5,4199.625,2.7,
365,1980-06-01,1980,6,4200.325000000001,0.42,
366,1980-07-01,1980,7,4200.25,1.34,
367,1980-08-01,1980,8,4199.65,0.26,
368,1980-09-01,1980,9,4199.25,0.72,
369,1980-10-01,1980,10,4199.05,1.74,
370,1980-11-01,1980,11,4199.05,1.17,
371,1980-12-01,1980,12,4199.3,0.37,
372,1981-01-01,1981,1,4199.575,0.64,
373,1981-02-01,1981,2,4199.825000000001,0.81,
374,1981-03-01,1981,3,4199.9,2.1100000000000003,
375,1981-04-01,1981,4,4200.025,0.4499999999999999,
376,1981-05-01,1981,5,4199.95,3.68,
377,1981-06-01,1981,6,4200.1,1.03,
378,1981-07-01,1981,7,4199.725,0.33,
379,1981-08-01,1981,8,4199.025,0.23,
380,1981-09-01,1981,9,4198.5,0.48,
381,1981-10-01,1981,10,4198.25,3.91,
382,1981-11-01,1981,11,4198.375,1.03,
383,1981-12-01,1981,12,4198.424999999999,1.89,
384,1982-01-01,1982,1,4198.65,1.08,
385,1982-02-01,1982,2,4198.825000000001,0.53,
386,1982-03-01,1982,3,4199.325,2.39,
387,1982-04-01,1982,4,4199.950000000001,1.63,
388,1982-05-01,1982,5,4200.4,1.86,
389,1982-06-01,1982,6,4200.7,0.66,
390,1982-07-01,1982,7,4200.4,2.57,
391,1982-08-01,1982,8,4200.075,0.56,
392,1982-09-01,1982,9,4199.7,7.04,
393,1982-10-01,1982,10,4200.175,1.87,
394,1982-11-01,1982,11,4200.6,0.75,
395,1982-12-01,1982,12,4201.075,1.92,
396,1983-01-01,1983,1,4201.525,1.19,
397,1983-02-01,1983,2,4202.025,1.36,
398,1983-03-01,1983,3,4202.35,3.97,
399,1983-04-01,1983,4,4203.125,1.63,
400,1983-05-01,1983,5,4203.575,2.58,
401,1983-06-01,1983,6,4204.433333333333,0.62,
402,1983-07-01,1983,7,4204.674999999999,1.02,
403,1983-08-01,1983,8,4204.375,2.64,
404,1983-09-01,1983,9,4204.349999999999,1.03,
405,1983-10-01,1983,10,4204.450000000001,1.62,
406,1983-11-01,1983,11,4204.725,2.23,
407,1983-12-01,1983,12,4205.225,4.37,
408,1984-01-01,1984,1,4206.025,0.5,
409,1984-02-01,1984,2,4206.4,0.95,
410,1984-03-01,1984,3,4206.799999999999,1.76,
411,1984-04-01,1984,4,4207.425,4.43,
412,1984-05-01,1984,5,4208.049999999999,1.17,
413,1984-06-01,1984,6,4208.8,1.86,
414,1984-07-01,1984,7,4209.0,1.72,
415,1984-08-01,1984,8,4208.65,1.49,
416,1984-09-01,1984,9,4207.9,1.72,
417,1984-10-01,1984,10,4207.75,3.7,
418,1984-11-01,1984,11,4208.0,1.45,
419,1984-12-01,1984,12,4208.200000000001,0.8,
420,1985-01-01,1985,1,4208.55,0.91,
421,1985-02-01,1985,2,4208.8,0.85,
422,1985-03-01,1985,3,4209.1,1.8,
423,1985-04-01,1985,4,4209.5,0.64,
424,1985-05-01,1985,5,4209.8,2.95,
425,1985-06-01,1985,6,4209.700000000001,1.3,
426,1985-07-01,1985,7,4209.25,0.85,
427,1985-08-01,1985,8,4208.75,0.03,
428,1985-09-01,1985,9,4208.299999999999,1.98,
429,1985-10-01,1985,10,4208.166666666667,1.61,
430,1985-11-01,1985,11,4208.15,2.63,
431,1985-12-01,1985,12,4208.4,1.42,
432,1986-01-01,1986,1,4208.7,0.8600000000000001,
433,1986-02-01,1986,2,4209.0,1.28,
434,1986-03-01,1986,3,4209.85,2.32,
435,1986-04-01,1986,4,4210.45,4.55,
436,1986-05-01,1986,5,4211.2,3.39,
437,1986-06-01,1986,6,4211.433333333333,0.42,
438,1986-07-01,1986,7,4211.0,0.85,
439,1986-08-01,1986,8,4210.700000000001,1.32,
440,1986-09-01,1986,9,4210.45,2.75,
441,1986-10-01,1986,10,4210.45,0.39,
442,1986-11-01,1986,11,4210.6,1.17,
443,1986-12-01,1986,12,4210.7,0.1,
444,1987-01-01,1987,1,4210.95,1.53,
445,1987-02-01,1987,2,4211.15,1.41,
446,1987-03-01,1987,3,4211.35,1.52,
447,1987-04-01,1987,4,4211.5,0.7899999999999999,
448,1987-05-01,1987,5,4211.35,2.41,
449,1987-06-01,1987,6,4211.2,0.19,
450,1987-07-01,1987,7,4210.65,0.7899999999999999,
451,1987-08-01,1987,8,4210.1,0.36,
452,1987-09-01,1987,9,4209.5,0.05,
453,1987-10-01,1987,10,4209.05,1.18,
454,1987-11-01,1987,11,4209.0,1.1700000000000002,
455,1987-12-01,1987,12,4208.966666666666,1.1,
456,1988-01-01,1988,1,4209.0,1.06,
457,1988-02-01,1988,2,4209.066666666667,0.13,
458,1988-03-01,1988,3,4209.1,0.94,
459,1988-04-01,1988,4,4209.0,1.84,
460,1988-05-01,1988,5,4208.9,2.16,
461,1988-06-01,1988,6,4208.55,0.03,
462,1988-07-01,1988,7,4207.85,0.04,
463,1988-08-01,1988,8,4207.15,0.22,
464,1988-09-01,1988,9,4206.65,0.07,
465,1988-10-01,1988,10,4206.15,0.01,
466,1988-11-01,1988,11,4205.9,2.17,
467,1988-12-01,1988,12,4205.9,0.62,
468,1989-01-01,1989,1,4205.9,0.5599999999999999,
469,1989-02-01,1989,2,4205.9,1.5699999999999998,
470,1989-03-01,1989,3,4206.0,1.77,
471,1989-04-01,1989,4,4206.1,0.46,
472,1989-05-01,1989,5,4206.1,1.83,
473,1989-06-01,1989,6,4205.75,0.22,
474,1989-07-01,1989,7,4205.25,0.3899999999999999,
475,1989-08-01,1989,8,4204.65,0.9,
476,1989-09-01,1989,9,4204.25,0.49,0.0
477,1989-10-01,1989,10,4203.738709677419,1.82,0.0
478,1989-11-01,1989,11,4203.696666666667,0.73,1.9
479,1989-12-01,1989,12,4203.7,0.13,9.4
480,1990-01-01,1990,1,4203.709677419355,0.57,11.0
481,1990-02-01,1990,2,4203.746428571429,0.35,19.2
482,1990-03-01,1990,3,4203.9548387096775,2.17,25.4
483,1990-04-01,1990,4,4203.886666666667,1.14,32.7
484,1990-05-01,1990,5,4203.7225806451615,1.65,34.0
485,1990-06-01,1990,6,4203.463333333333,0.66,11.1
486,1990-07-01,1990,7,4202.977419354839,0.64,0.0
487,1990-08-01,1990,8,4202.451612903225,0.46,0.0
488,1990-09-01,1990,9,4202.033333333334,0.56,0.0
489,1990-10-01,1990,10,4201.683870967742,0.69,0.0
490,1990-11-01,1990,11,4201.5633333333335,1.24,0.0
491,1990-12-01,1990,12,4201.606451612904,0.5599999999999999,5.5
492,1991-01-01,1991,1,4201.667741935484,1.11,9.8
493,1991-02-01,1991,2,4201.771428571428,0.61,16.0
494,1991-03-01,1991,3,4201.996774193548,1.11,21.5
495,1991-04-01,1991,4,4201.969999999999,2.71,30.9
496,1991-05-01,1991,5,4202.0741935483875,2.76,38.9
497,1991-06-01,1991,6,4202.13,1.09,29.7
498,1991-07-01,1991,7,4201.709677419355,0.32,0.0
499,1991-08-01,1991,8,4201.129032258064,0.86,0.0
500,1991-09-01,1991,9,4200.83,2.5500000000000003,0.0
501,1991-10-01,1991,10,4200.406451612903,2.1,0.0
502,1991-11-01,1991,11,4200.506666666666,2.17,2.9
503,1991-12-01,1991,12,4200.606451612904,0.4,9.3
504,1992-01-01,1992,1,4200.7806451612905,0.78,10.8
505,1992-02-01,1992,2,4200.972413793103,1.24,12.4
506,1992-03-01,1992,3,4201.254838709678,1.11,18.7
507,1992-04-01,1992,4,4201.196666666667,0.96,23.0
508,1992-05-01,1992,5,4200.932258064516,1.86,13.4
509,1992-06-01,1992,6,4200.536666666667,0.45,0.0
510,1992-07-01,1992,7,4200.151612903226,0.29,0.0
511,1992-08-01,1992,8,4199.6,0.35,0.0
512,1992-09-01,1992,9,4199.1,0.47,0.0
513,1992-10-01,1992,10,4198.6354838709685,1.03,0.0
514,1992-11-01,1992,11,4198.656666666667,2.46,3.7
515,1992-12-01,1992,12,4198.735483870968,1.07,10.9
516,1993-01-01,1993,1,4199.083870967742,3.23,17.5
517,1993-02-01,1993,2,4199.385714285714,1.35,30.2
518,1993-03-01,1993,3,4199.8387096774195,1.37,41.1
519,1993-04-01,1993,4,4200.303333333333,1.54,48.5
520,1993-05-01,1993,5,4200.551612903226,3.99,57.0
521,1993-06-01,1993,6,4200.79,1.14,37.8
522,1993-07-01,1993,7,4200.596774193548,1.38,0.0
523,1993-08-01,1993,8,4200.229032258065,0.46,0.0
524,1993-09-01,1993,9,4199.803333333333,0.22,0.0
525,1993-10-01,1993,10,4199.651612903226,2.77,0.0
526,1993-11-01,1993,11,4199.553333333333,0.54,0.7
527,1993-12-01,1993,12,4199.554838709677,0.88,4.0
528,1994-01-01,1994,1,4199.61935483871,0.62,6.3
529,1994-02-01,1994,2,4199.692857142857,1.5299999999999998,12.0
530,1994-03-01,1994,3,4199.935483870968,1.28,23.7
531,1994-04-01,1994,4,4200.1,2.94,28.7
532,1994-05-01,1994,5,4200.154838709677,1.29,29.0
533,1994-06-01,1994,6,4199.78,0.0,0.5
534,1994-07-01,1994,7,4199.129032258064,0.06,0.0
535,1994-08-01,1994,8,4198.477419354839,0.61,0.0
536,1994-09-01,1994,9,4197.873333333333,0.32,0.0
537,1994-10-01,1994,10,4197.609677419355,2.24,0.0
538,1994-11-01,1994,11,4197.696666666667,2.96,1.9
539,1994-12-01,1994,12,4197.919354838709,1.43,11.7
540,1995-01-01,1995,1,4198.196774193549,1.81,15.9
541,1995-02-01,1995,2,4198.603571428571,1.08,28.0
542,1995-03-01,1995,3,4198.829032258064,2.35,34.6
543,1995-04-01,1995,4,4199.133333333333,2.07,50.1
544,1995-05-01,1995,5,4199.551612903226,3.68,54.9
545,1995-06-01,1995,6,4200.12,1.49,51.9
546,1995-07-01,1995,7,4199.98064516129,0.32,17.4
547,1995-08-01,1995,8,4199.36129032258,0.21,0.0
548,1995-09-01,1995,9,4198.826666666667,1.33,0.0
549,1995-10-01,1995,10,4198.551612903226,0.53,0.0
550,1995-11-01,1995,11,4198.466666666666,0.85,0.4
551,1995-12-01,1995,12,4198.570967741935,1.2,5.2
552,1996-01-01,1996,1,4198.825806451613,3.09,11.4
553,1996-02-01,1996,2,4199.206896551724,1.54,26.4
554,1996-03-01,1996,3,4199.725806451613,2.71,35.7
555,1996-04-01,1996,4,4200.113333333333,2.2,44.5
556,1996-05-01,1996,5,4200.2774193548385,1.32,50.2
557,1996-06-01,1996,6,4200.3099999999995,0.09,31.8
558,1996-07-01,1996,7,4199.816129032258,0.41,0.0
559,1996-08-01,1996,8,4199.1903225806445,0.02,0.0
560,1996-09-01,1996,9,4198.643333333333,1.03,0.0
561,1996-10-01,1996,10,4198.435483870968,1.45,0.0
562,1996-11-01,1996,11,4198.4366666666665,1.7200000000000002,3.5
563,1996-12-01,1996,12,4198.706451612903,1.73,8.0
564,1997-01-01,1997,1,4199.261290322581,2.27,21.3
565,1997-02-01,1997,2,4199.867857142857,1.62,38.0
566,1997-03-01,1997,3,4200.2225806451615,0.97,46.0
567,1997-04-01,1997,4,4200.526666666667,2.22,52.6
568,1997-05-01,1997,5,4200.938709677419,1.77,57.2
569,1997-06-01,1997,6,4201.266666666666,1.73,27.3
570,1997-07-01,1997,7,4201.01935483871,0.8400000000000001,0.0
571,1997-08-01,1997,8,4200.56129032258,0.63,0.0
572,1997-09-01,1997,9,4200.2,1.5,0.0
573,1997-10-01,1997,10,4200.064516129032,1.87,0.0
574,1997-11-01,1997,11,4200.11,0.87,3.1
575,1997-12-01,1997,12,4200.364516129032,0.64,5.4
576,1998-01-01,1998,1,4200.648387096774,1.63,8.2
577,1998-02-01,1998,2,4201.146428571429,4.89,17.8
578,1998-03-01,1998,3,4201.732258064516,2.97,27.7
579,1998-04-01,1998,4,4202.256666666666,2.09,36.8
580,1998-05-01,1998,5,4202.56129032258,1.04,43.2
581,1998-06-01,1998,6,4202.97,3.84,26.1
582,1998-07-01,1998,7,4202.9,1.57,0.0
583,1998-08-01,1998,8,4202.38064516129,0.46,0.0
584,1998-09-01,1998,9,4202.003333333333,1.53,0.0
585,1998-10-01,1998,10,4202.009677419355,1.25,0.0
586,1998-11-01,1998,11,4202.113333333334,1.27,0.7
587,1998-12-01,1998,12,4202.287096774194,1.27,4.6
588,1999-01-01,1999,1,4202.496774193548,1.29,7.5
589,1999-02-01,1999,2,4202.864285714286,0.96,15.0
590,1999-03-01,1999,3,4203.122580645161,0.8,22.8
591,1999-04-01,1999,4,4203.31,3.09,31.3
592,1999-05-01,1999,5,4203.8,2.59,43.1
593,1999-06-01,1999,6,4204.056666666667,0.82,33.5
594,1999-07-01,1999,7,4203.68064516129,0.25,0.0
595,1999-08-01,1999,8,4203.093548387096,0.7,0.0
596,1999-09-01,1999,9,4202.683333333333,0.4499999999999999,0.0
597,1999-10-01,1999,10,4202.4258064516125,0.02,0.0
598,1999-11-01,1999,11,4202.33,0.7,0.1
599,1999-12-01,1999,12,4202.445161290322,1.84,1.6
600,2000-01-01,2000,1,4202.583870967742,2.17,7.8
601,2000-02-01,2000,2,4202.920689655172,1.8,16.5
602,2000-03-01,2000,3,4203.293548387096,0.8,27.2
603,2000-04-01,2000,4,4203.333333333333,0.76,35.8
604,2000-05-01,2000,5,4203.177419354839,1.62,34.2
605,2000-06-01,2000,6,4202.753333333333,0.36,0.5
606,2000-07-01,2000,7,4202.13870967742,0.42,0.0
607,2000-08-01,2000,8,4201.558064516129,2.0,0.0
608,2000-09-01,2000,9,4201.26,1.86,0.0
609,2000-10-01,2000,10,4201.041935483871,2.0,0.0
610,2000-11-01,2000,11,4201.083333333333,1.31,2.6
611,2000-12-01,2000,12,4201.13870967742,1.24,5.6
612,2001-01-01,2001,1,4201.216129032258,0.78,10.5
613,2001-02-01,2001,2,4201.314285714286,1.5,13.9
614,2001-03-01,2001,3,4201.467741935484,1.55,19.2
615,2001-04-01,2001,4,4201.496666666667,2.46,24.5
616,2001-05-01,2001,5,4201.312903225807,0.22,32.6
617,2001-06-01,2001,6,4200.92,1.12,0.0
618,2001-07-01,2001,7,4200.393548387096,1.13,0.0
619,2001-08-01,2001,8,4199.8096774193555,0.53,0.0
620,2001-09-01,2001,9,4199.34,0.05,0.0
621,2001-10-01,2001,10,4198.946129032258,0.92,0.0
622,2001-11-01,2001,11,4198.846666666667,3.3400000000000003,0.9
623,2001-12-01,2001,12,4199.093548387096,1.44,9.3
624,2002-01-01,2002,1,4199.217419354839,1.19,15.0
625,2002-02-01,2002,2,4199.330714285714,0.3,24.4
626,2002-03-01,2002,3,4199.4800000000005,2.47,31.1
627,2002-04-01,2002,4,4199.611666666667,2.49,42.3
628,2002-05-01,2002,5,4199.611612903225,0.48,50.2
629,2002-06-01,2002,6,4199.286666666667,0.18,18.9
630,2002-07-01,2002,7,4198.682580645162,0.14,0.0
631,2002-08-01,2002,8,4197.965806451613,0.03,0.0
632,2002-09-01,2002,9,4197.582333333334,1.12,0.0
633,2002-10-01,2002,10,4197.398064516129,0.71,0.4
634,2002-11-01,2002,11,4197.307666666667,0.64,0.9
635,2002-12-01,2002,12,4197.282258064516,0.54,4.2
636,2003-01-01,2003,1,4197.507419354839,0.64,7.8
637,2003-02-01,2003,2,4197.640714285714,1.06,10.9
638,2003-03-01,2003,3,4197.743870967742,1.39,16.5
639,2003-04-01,2003,4,4197.675,1.65,25.9
640,2003-05-01,2003,5,4197.63064516129,1.67,30.8
641,2003-06-01,2003,6,4197.221666666666,0.88,0.5
642,2003-07-01,2003,7,4196.695806451613,0.3299999999999999,0.0
643,2003-08-01,2003,8,4196.05,0.6699999999999999,0.0
644,2003-09-01,2003,9,4195.613666666667,1.59,0.0
645,2003-10-01,2003,10,4195.322258064516,0.16,0.0
646,2003-11-01,2003,11,4195.089666666667,1.94,1.0
647,2003-12-01,2003,12,4195.161935483871,3.97,8.2
648,2004-01-01,2004,1,4195.386774193548,0.46,18.3
649,2004-02-01,2004,2,4195.575172413794,2.25,26.3
650,2004-03-01,2004,3,4196.125483870967,0.88,35.2
651,2004-04-01,2004,4,4196.2519999999995,2.38,42.5
652,2004-05-01,2004,5,4196.028709677419,0.95,42.4
653,2004-06-01,2004,6,4195.712333333333,1.7,14.7
654,2004-07-01,2004,7,4195.217741935484,0.34,0.0
655,2004-08-01,2004,8,4194.641935483871,0.19,0.0
656,2004-09-01,2004,9,4194.298333333333,0.5,0.0
657,2004-10-01,2004,10,4194.0635483870965,3.48,0.0
658,2004-11-01,2004,11,4194.303333333333,1.24,12.1
659,2004-12-01,2004,12,4194.412580645161,0.52,15.9
660,2005-01-01,2005,1,4194.832903225807,1.44,25.1
661,2005-02-01,2005,2,4195.3575,1.23,41.2
662,2005-03-01,2005,3,4195.592580645161,2.44,48.7
663,2005-04-01,2005,4,4195.959,3.15,60.3
664,2005-05-01,2005,5,4196.816774193549,2.88,67.3
665,2005-06-01,2005,6,4197.340333333334,1.64,57.1
666,2005-07-01,2005,7,4197.013870967742,0.01,5.6
667,2005-08-01,2005,8,4196.342580645161,0.72,0.0
668,2005-09-01,2005,9,4195.768333333333,0.4,0.0
669,2005-10-01,2005,10,4195.5,0.91,0.0
670,2005-11-01,2005,11,4195.5,0.8,1.0
671,2005-12-01,2005,12,4195.555161290323,1.26,6.1
672,2006-01-01,2006,1,4196.072258064516,1.36,20.3
673,2006-02-01,2006,2,4196.448928571428,1.26,33.9
674,2006-03-01,2006,3,4196.78,2.76,43.1
675,2006-04-01,2006,4,4197.510333333334,3.14,58.5
676,2006-05-01,2006,5,4198.066451612903,0.79,68.9
677,2006-06-01,2006,6,4197.947,0.72,34.5
678,2006-07-01,2006,7,4197.419032258064,0.26,0.0
679,2006-08-01,2006,8,4196.801290322581,0.92,0.0
680,2006-09-01,2006,9,4196.408666666666,1.87,0.0
681,2006-10-01,2006,10,4196.4364516129035,1.02,0.0
682,2006-11-01,2006,11,4196.501333333333,1.13,1.5
683,2006-12-01,2006,12,4196.683870967742,0.91,5.6
684,2007-01-01,2007,1,4196.8387096774195,0.73,9.1
685,2007-02-01,2007,2,4196.9875,1.53,10.9
686,2007-03-01,2007,3,4197.418709677419,1.11,19.7
687,2007-04-01,2007,4,4197.592000000001,0.53,25.8
688,2007-05-01,2007,5,4197.3858064516135,0.5700000000000001,24.5
689,2007-06-01,2007,6,4197.023666666667,0.8,0.0
690,2007-07-01,2007,7,4196.454193548388,0.53,0.0
691,2007-08-01,2007,8,4195.8351612903225,0.0999999999999999,0.0
692,2007-09-01,2007,9,4195.324666666666,1.74,0.0
693,2007-10-01,2007,10,4195.155483870968,1.88,0.0
694,2007-11-01,2007,11,4195.105666666666,0.49,2.8
695,2007-12-01,2007,12,4195.192580645161,3.35,4.6
696,2008-01-01,2008,1,4195.327741935484,1.3,15.4
697,2008-02-01,2008,2,4195.491379310345,1.24,31.8
698,2008-03-01,2008,3,4195.952258064516,1.34,43.8
699,2008-04-01,2008,4,4196.009333333333,0.75,49.9
700,2008-05-01,2008,5,4195.927419354839,1.01,56.6
701,2008-06-01,2008,6,4195.8983333333335,0.75,38.3
702,2008-07-01,2008,7,4195.381612903226,0.14,0.0
703,2008-08-01,2008,8,4194.707419354839,0.8300000000000001,0.0
704,2008-09-01,2008,9,4194.232333333333,0.31,0.0
705,2008-10-01,2008,10,4194.011935483871,1.29,0.0
706,2008-11-01,2008,11,4194.03,1.5,0.0
707,2008-12-01,2008,12,4194.070322580645,1.28,6.0
708,2009-01-01,2009,1,4194.226129032258,2.15,17.3
709,2009-02-01,2009,2,4194.637857142857,0.83,26.0
710,2009-03-01,2009,3,4195.075483870967,1.72,32.9
711,2009-04-01,2009,4,4195.353,2.55,43.5
712,2009-05-01,2009,5,4195.72935483871,1.36,51.8
713,2009-06-01,2009,6,4195.876333333333,2.64,12.7
714,2009-07-01,2009,7,4195.841935483872,0.28,0.0
715,2009-08-01,2009,8,4195.12,0.4,0.0
716,2009-09-01,2009,9,4194.685333333333,1.19,0.0
717,2009-10-01,2009,10,4194.398709677419,1.1800000000000002,1.2
718,2009-11-01,2009,11,4194.3769999999995,0.2,1.3
719,2009-12-01,2009,12,4194.392258064517,1.35,2.6
720,2010-01-01,2010,1,4194.521935483871,0.38,8.6
721,2010-02-01,2010,2,4194.831785714286,0.5,17.4
722,2010-03-01,2010,3,4195.282903225807,1.9,21.4
723,2010-04-01,2010,4,4195.372,2.48,29.3
724,2010-05-01,2010,5,4195.448064516129,2.8,38.0
725,2010-06-01,2010,6,4195.599666666667,0.96,36.4
726,2010-07-01,2010,7,4195.1974193548385,0.14,0.0
727,2010-08-01,2010,8,4194.498709677419,1.7000000000000002,0.0
728,2010-09-01,2010,9,4193.976,0.09,0.0
729,2010-10-01,2010,10,4193.68935483871,2.06,0.0
730,2010-11-01,2010,11,4193.7429999999995,2.64,3.1
731,2010-12-01,2010,12,4194.113870967742,3.04,13.1
732,2011-01-01,2011,1,4194.655483870968,0.64,30.6
733,2011-02-01,2011,2,4194.988214285714,1.07,36.5
734,2011-03-01,2011,3,4195.562903225807,2.53,46.8
735,2011-04-01,2011,4,4196.391666666666,4.06,58.6
736,2011-05-01,2011,5,4197.250322580645,5.14,73.2
737,2011-06-01,2011,6,4198.276333333333,1.2300000000000002,75.1
738,2011-07-01,2011,7,4198.333870967742,0.5900000000000001,20.3
739,2011-08-01,2011,8,4197.982903225807,0.52,0.0
740,2011-09-01,2011,9,4197.554999999999,0.12,0.0
741,2011-10-01,2011,10,4197.517419354839,1.59,0.0
742,2011-11-01,2011,11,4197.652666666667,1.62,0.0
743,2011-12-01,2011,12,4197.829032258064,0.03,5.5
744,2012-01-01,2012,1,4198.021935483871,1.79,7.9
745,2012-02-01,2012,2,4198.45724137931,1.12,15.4
746,2012-03-01,2012,3,4198.592580645161,0.59,23.3
747,2012-04-01,2012,4,4198.680666666666,2.3,28.4
748,2012-05-01,2012,5,4198.541935483871,0.72,27.5
749,2012-06-01,2012,6,4198.046666666667,0.0,0.0
750,2012-07-01,2012,7,4197.427741935484,0.73,0.0
751,2012-08-01,2012,8,4196.861612903226,0.29,0.0
752,2012-09-01,2012,9,4196.44,0.55,0.0
753,2012-10-01,2012,10,4196.127741935484,1.53,0.0
754,2012-11-01,2012,11,4196.160333333333,1.66,0.9
755,2012-12-01,2012,12,4196.293225806451,1.38,7.6
756,2013-01-01,2013,1,4196.403225806452,1.52,15.8
757,2013-02-01,2013,2,4196.575,0.68,20.0
758,2013-03-01,2013,3,4196.85,0.7100000000000001,23.8
759,2013-04-01,2013,4,4196.933,1.95,28.2
760,2013-05-01,2013,5,4196.6503225806455,1.26,32.5
761,2013-06-01,2013,6,4196.1793333333335,0.0,7.7
762,2013-07-01,2013,7,4195.6,1.16,0.0
763,2013-08-01,2013,8,4194.944193548387,0.16,0.0
764,2013-09-01,2013,9,4194.583,1.1700000000000002,0.0
765,2013-10-01,2013,10,4194.326774193549,0.74,0.0
766,2013-11-01,2013,11,4194.266,0.62,2.8
767,2013-12-01,2013,12,4194.320967741935,1.65,4.4
768,2014-01-01,2014,1,4194.467419354838,1.2000000000000002,9.4
769,2014-02-01,2014,2,4194.7074999999995,1.57,13.1
770,2014-03-01,2014,3,4195.148387096774,1.11,21.9
771,2014-04-01,2014,4,4195.153333333334,1.55,30.4
772,2014-05-01,2014,5,4195.093548387096,1.04,30.9
773,2014-06-01,2014,6,4194.726333333333,1.2,3.2
774,2014-07-01,2014,7,4194.223225806451,0.5,0.0
775,2014-08-01,2014,8,4193.833548387097,1.77,0.0
776,2014-09-01,2014,9,4193.496666666667,2.51,0.0
777,2014-10-01,2014,10,4193.398064516129,0.01,0.0
778,2014-11-01,2014,11,4193.307333333333,0.6,0.0
779,2014-12-01,2014,12,4193.437096774193,1.4,5.7
780,2015-01-01,2015,1,4193.665806451613,0.8599999999999999,15.2
781,2015-02-01,2015,2,4193.9292857142855,0.31,17.6
782,2015-03-01,2015,3,4194.023225806452,0.71,19.6
783,2015-04-01,2015,4,4193.968,2.32,19.4
784,2015-05-01,2015,5,4194.078064516129,4.19,16.9
785,2015-06-01,2015,6,4194.26,0.65,1.6
786,2015-07-01,2015,7,4193.733548387097,1.2200000000000002,0.0
787,2015-08-01,2015,8,4193.198709677419,0.89,0.0
788,2015-09-01,2015,9,4192.726333333334,1.74,0.0
789,2015-10-01,2015,10,4192.59,0.61,0.0
790,2015-11-01,2015,11,4192.448666666666,0.41,0.0
791,2015-12-01,2015,12,4192.513225806451,2.23,3.9
792,2016-01-01,2016,1,4192.804193548387,1.94,11.2
793,2016-02-01,2016,2,4193.176551724137,0.52,20.2
794,2016-03-01,2016,3,4193.685161290323,2.22,25.4
795,2016-04-01,2016,4,4194.016666666666,1.39,33.7
796,2016-05-01,2016,5,4194.207741935484,1.58,35.1
797,2016-06-01,2016,6,4194.109666666666,0.52,12.9
798,2016-07-01,2016,7,4193.564193548387,0.0,0.0
799,2016-08-01,2016,8,4192.935483870968,0.15,0.0
800,2016-09-01,2016,9,4192.467,1.88,0.0
801,2016-10-01,2016,10,4192.319032258065,0.8999999999999999,0.0
802,2016-11-01,2016,11,4192.413333333333,1.76,0.4
803,2016-12-01,2016,12,4192.267741935484,1.98,6.0
804,2017-01-01,2017,1,4192.267741935484,1.97,16.0
805,2017-02-01,2017,2,4192.842857142857,1.69,33.3
806,2017-03-01,2017,3,4194.054838709677,3.51,48.4
807,2017-04-01,2017,4,4194.933333333333,3.22,53.1
808,2017-05-01,2017,5,4195.354838709677,0.61,58.8
809,2017-06-01,2017,6,4195.2266666666665,0.25,29.9
810,2017-07-01,2017,7,4194.6612903225805,0.51,0.0
811,2017-08-01,2017,8,4194.012903225806,0.07,0.0
812,2017-09-01,2017,9,4193.573333333333,2.04,0.0
813,2017-10-01,2017,10,4193.5,0.18,0.0
814,2017-11-01,2017,11,4193.576666666667,1.1700000000000002,0.0
815,2017-12-01,2017,12,4193.793548387096,0.78,3.1
816,2018-01-01,2018,1,4194.083870967742,0.82,6.8
817,2018-02-01,2018,2,4194.328571428571,1.06,11.5
818,2018-03-01,2018,3,4194.551612903226,2.58,16.9
819,2018-04-01,2018,4,4194.836666666667,1.91,26.3
820,2018-05-01,2018,5,4194.806451612903,1.26,23.4
821,2018-06-01,2018,6,4194.4,0.05,0.0
822,2018-07-01,2018,7,4193.6612903225805,0.19,0.0
823,2018-08-01,2018,8,4193.012903225806,0.5,0.0
824,2018-09-01,2018,9,4192.42,0.0,0.0
825,2018-10-01,2018,10,4192.1322580645165,2.5,0.0
826,2018-11-01,2018,11,4192.030000000001,1.06,0.6
827,2018-12-01,2018,12,4192.216129032258,1.28,6.2
828,2019-01-01,2019,1,4192.441935483871,1.76,10.4
829,2019-02-01,2019,2,4192.917857142857,1.26,22.7
830,2019-03-01,2019,3,4193.554838709678,3.96,37.2
831,2019-04-01,2019,4,4194.1866666666665,3.45,49.0
832,2019-05-01,2019,5,4194.612903225807,3.78,52.3
833,2019-06-01,2019,6,4194.84,0.15,46.4
834,2019-07-01,2019,7,4194.4,0.41,0.0
835,2019-08-01,2019,8,4193.745161290322,0.49,0.0
836,2019-09-01,2019,9,4193.253333333333,1.55,0.0
837,2019-10-01,2019,10,4193.245161290322,0.49,0.0
838,2019-11-01,2019,11,4193.28,1.17,3.4
839,2019-12-01,2019,12,4193.648387096774,1.63,8.6
840,2020-01-01,2020,1,4193.9258064516125,1.78,14.8
841,2020-02-01,2020,2,4194.38275862069,1.25,27.2
842,2020-03-01,2020,3,4194.567741935484,1.53,36.5
843,2020-04-01,2020,4,4194.733333333334,0.26,43.5
844,2020-05-01,2020,5,4194.522580645161,0.4,40.3
845,2020-06-01,2020,6,4194.196666666667,1.9,4.2
846,2020-07-01,2020,7,4193.8,0.26,0.0
847,2020-08-01,2020,8,4193.216129032258,0.1,0.0
848,2020-09-01,2020,9,4192.66,0.19,0.0
849,2020-10-01,2020,10,4192.36129032258,0.28,0.0
850,2020-11-01,2020,11,4192.176666666667,0.69,0.0
851,2020-12-01,2020,12,4192.212903225806,0.3399999999999999,5.5
852,2021-01-01,2021,1,4192.329032258064,0.85,8.9
853,2021-02-01,2021,2,4192.646428571429,1.75,14.3
854,2021-03-01,2021,3,4192.812903225807,1.55,23.8
855,2021-04-01,2021,4,4192.766666666666,1.79,29.7
856,2021-05-01,2021,5,4192.5741935483875,0.65,31.6
857,2021-06-01,2021,6,4192.0633333333335,0.1,0.6
858,2021-07-01,2021,7,4191.48064516129,0.52,0.0
859,2021-08-01,2021,8,4190.996774193548,2.29,0.0
860,2021-09-01,2021,9,4190.67,0.1699999999999999,0.0
861,2021-10-01,2021,10,4190.4258064516125,3.49,0.0
862,2021-11-01,2021,11,4190.6066666666675,0.3399999999999999,4.5
863,2021-12-01,2021,12,4190.641935483871,1.84,6.0
864,2022-01-01,2022,1,4190.8387096774195,0.47,18.3
865,2022-02-01,2022,2,4190.953571428571,0.27,22.2
866,2022-03-01,2022,3,4191.096774193548,1.6700000000000002,23.7
867,2022-04-01,2022,4,4191.086666666667,0.8099999999999999,29.6
868,2022-05-01,2022,5,4190.9258064516125,1.68,33.3
869,2022-06-01,2022,6,4190.616666666667,0.56,11.2
870,2022-07-01,2022,7,4189.977419354839,0.12,0.0
871,2022-08-01,2022,8,4189.490322580645,1.13,0.0
872,2022-09-01,2022,9,4189.126666666667,0.76,0.0
873,2022-10-01,2022,10,4188.806451612903,0.81,0.0
874,2022-11-01,2022,11,4188.73,1.9,3.8
875,2022-12-01,2022,12,4188.993548387097,2.39,11.7
876,2023-01-01,2023,1,4189.677419354839,2.71,21.3
877,2023-02-01,2023,2,4190.114285714286,1.35,35.8
878,2023-03-01,2023,3,4190.735483870968,2.61,46.8
879,2023-04-01,2023,4,4192.033333333334,1.69,66.8
880,2023-05-01,2023,5,4193.151612903226,0.52,71.0
881,2023-06-01,2023,6,4193.843333333333,0.39,33.5
882,2023-07-01,2023,7,4193.509677419355,0.06,0.0
883,2023-08-01,2023,8,4192.877419354839,2.75,0.0
884,2023-09-01,2023,9,4192.343333333333,0.91,0.0
885,2023-10-01,2023,10,4192.187096774193,1.97,0.0
886,2023-11-01,2023,11,4192.196666666667,1.74,0.6
887,2023-12-01,2023,12,4192.432258064516,0.94,4.5
888,2024-01-01,2024,1,4192.648387096774,1.28,11.5
889,2024-02-01,2024,2,4193.306896551724,3.37,20.5
890,2024-03-01,2024,3,4194.035483870968,2.08,35.8
891,2024-04-01,2024,4,4194.61,1.51,46.9
892,2024-05-01,2024,5,4195.0,1.4500000000000002,46.1
893,2024-06-01,2024,6,4194.833333333333,0.31,20.4
894,2024-07-01,2024,7,4194.067741935483,0.08,0.0
895,2024-08-01,2024,8,4193.232258064516,1.15,0.0
896,2024-09-01,2024,9,4192.66,0.42,0.0
897,2024-10-01,2024,10,4192.316129032258,0.79,0.0
898,2024-11-01,2024,11,4192.183333333333,1.2200000000000002,1.0
899,2024-12-01,2024,12,4192.329032258064,1.12,3.6
