date,"Bear River (primary, near Corinne)_acft",Bear River (upstream gap-fill)_acft,Weber River (near Plain City)_acft,Jordan River (Surplus Canal)_acft,Jordan River (1700 South)_acft,TOTAL_INFLOW_cfs_acft
1950-01-01,133687.9,127146.31700000001,35006.79150000001,8269.2115,7289.362500000001,311399.5825
1950-02-01,144101.27500000002,130375.455,36621.3605,11994.224500000002,7142.583500000001,330234.8985
1950-03-01,161080.035,137952.425,60738.737,11591.574,7025.557000000001,378388.32800000004
1950-04-01,228618.21000000002,215983.315,144858.972,11311.9005,7144.567,607916.9645
1950-05-01,288876.94,270132.865,230403.36,14786.9925,7263.577000000001,811463.7345
1950-06-01,220446.19,204439.345,123647.42300000001,15227.329500000002,7688.045999999999,571448.3335000002
1950-07-01,128362.2025,114927.957,12196.5415,8971.3705,9939.318500000001,274397.39
1950-08-01,87752.02350000001,83213.7755,3038.722,7370.686,10395.5235,191770.7305
1950-09-01,102003.471,94608.98300000001,5347.516,8665.9115,13198.209,223824.09050000002
1950-10-01,146818.66999999998,141621.9,16591.9775,6799.438,12174.723,324006.7085
1950-11-01,150190.62,140689.65500000003,27076.758500000004,8903.9315,8977.321000000002,335838.2860000001
1950-12-01,166534.66,161078.0515,40419.763,7162.418500000001,9262.945000000002,384457.838
1951-01-01,164134.625,154415.47500000003,36601.5255,5147.1825,8632.192,368931.0
1951-02-01,194759.86500000002,167472.8555,48565.9975,5460.5755,6851.009000000001,423110.3025
1951-03-01,188273.82,176987.70500000002,66381.7945,7826.891,7114.8145,446585.02499999997
1951-04-01,226674.38,214257.67,157331.22,6511.830500000001,6823.240000000002,611598.3405
1951-05-01,243157.265,226575.205,194025.97,16752.641,8170.0365,688681.1174999999
1951-06-01,99573.6835,90883.97,52626.222,13533.420500000002,8183.921,264801.217
1951-07-01,56240.159,48437.07,5097.595,12551.588,9255.011,131581.423
1951-08-01,89449.8995,80811.757,10482.797499999999,12438.5285,8943.601499999999,202126.58400000003
1951-09-01,85605.87650000001,78274.86050000001,4940.8985,9219.308,9100.298,187141.2415
1951-10-01,119029.835,108418.11,24182.832000000002,10691.065,9300.6315,271622.47349999996
1951-11-01,123929.08,109271.015,23671.089,7584.904000000001,7291.346,271747.434
1951-12-01,133053.18000000002,124365.45000000001,31787.571000000004,12335.386500000002,8616.324,310157.9115
1952-01-01,148960.85,138140.85749999998,34020.992,21973.213000000003,8808.7235,351904.63599999994
1952-02-01,138448.30000000002,124325.77999999997,36232.5945,22590.0815,12349.270999999999,333946.027
1952-03-01,160108.12000000002,147453.39,64658.13299999999,32769.4035,15840.231000000002,420829.2775000001
1952-04-01,338980.15,309128.47500000003,206224.495,40554.641,14931.788000000002,909819.549
1952-05-01,299369.655,272770.92,381308.04,75091.34300000001,3155.3518,1031695.3098
1952-06-01,120991.5165,106579.4055,108604.55900000002,72243.037,9637.826500000001,418056.34449999995
1952-07-01,58118.533500000005,49896.926,11567.772,31426.574000000004,10082.130500000001,161091.93600000002
1952-08-01,62242.23,54139.6325,5904.879499999999,17849.5165,9891.7145,150027.973
1952-09-01,71604.35,63668.366500000004,4746.5155,12884.816,9030.875500000002,161934.92350000003
1952-10-01,90858.18450000002,83055.0955,7156.468000000002,19081.27,13579.041000000001,213730.05900000004
1952-11-01,105224.675,92050.26800000001,20441.951,30081.761000000002,13222.011,261020.66599999997
1952-12-01,121469.54000000001,113495.87,25004.001,44692.222,10853.712000000001,315515.34500000003
1953-01-01,137873.08500000002,121132.345,32265.594500000003,50954.131499999996,9264.9285,351490.08450000006
1953-02-01,112999.99500000001,106692.46500000003,25355.0805,46050.9195,5807.687999999999,296906.14800000004
1953-03-01,116728.975,110619.795,36062.0135,49438.7375,8880.129500000001,321729.6505
1953-04-01,126448.125,122302.61000000002,51257.607,46044.969,8463.5945,354516.90550000005
1953-05-01,104913.26550000001,94823.20100000002,87389.043,30662.9265,4139.9612,321928.3972
1953-06-01,118442.71900000001,105893.1145,99468.558,32941.968,4324.030000000001,361070.38950000005
1953-07-01,10925.118,4379.567999999999,3838.0725,11668.9305,7951.8515,38763.5405
1953-08-01,15860.066,10244.7775,3215.2535,13174.407000000001,7198.1215,49692.62550000001
1953-09-01,15116.2535,10508.583,4068.1585,12476.214999999998,8782.938,50952.148
1953-10-01,43694.5215,35209.1085,8608.39,12347.2875,10516.517,110375.8245
1953-11-01,67135.52449999998,56960.169499999996,14447.814000000002,9243.11,9112.199,156898.817
1953-12-01,69097.206,58931.7685,13033.5785,13670.282,11270.247,166003.08200000002
1954-01-01,73220.9025,63031.66299999999,15998.911,14751.289499999999,10209.0745,177211.8405
1954-02-01,72487.00749999999,66655.51749999999,19515.6565,12734.07,10484.781,181877.0325
1954-03-01,92748.46,84070.6475,23684.973500000004,20223.766,12773.74,233501.58700000003
1954-04-01,104157.55200000001,91320.34000000001,22611.9,14100.701500000001,10000.807,242191.3005
1954-05-01,31035.824500000002,20326.908,2136.2295,10835.8605,9124.1,73458.92249999997
1954-06-01,21138.1595,12894.7335,2013.2525000000003,11494.382499999998,9354.186,56894.71400000001
1954-07-01,7541.267,2800.702,1858.5395,8487.3965,9608.074,30295.979
1954-08-01,6968.035500000001,2134.246,1105.0078500000002,6002.070999999999,9857.994999999999,26067.35535
1954-09-01,20513.357,15885.851499999999,1943.83,8047.059499999999,10030.5595,56420.657500000016
1954-10-01,44011.8815,35018.6925,6775.635999999999,8255.327,9495.014500000001,103556.5515
1954-11-01,55270.22750000001,45196.031,12446.462499999998,6162.7345000000005,8104.580999999999,127180.03650000002
1954-12-01,55518.165,46955.3955,10341.969,5871.16,9376.0045,128062.69399999996
1955-01-01,63967.875,53742.9325,9709.2325,3772.6169999999997,8616.324,139808.981
1955-02-01,56906.615000000005,48304.175500000005,11282.148,3310.4615,8293.013500000001,128096.41349999998
1955-03-01,96398.1,84810.493,24992.1,6230.173500000001,8223.591,220654.45750000002
1955-04-01,127717.56500000002,114963.66,31962.119000000002,4879.41,7077.128000000001,286599.88200000004
1955-05-01,97972.99899999998,88345.09,30549.867000000002,9003.106500000002,9058.6445,234929.70700000002
1955-06-01,55871.227999999996,46203.649000000005,10457.011999999999,12265.964,10099.982,134897.835
1955-07-01,7277.4615,2023.1700000000003,3213.27,7840.775500000001,8364.4195,28719.096499999996
1955-08-01,10377.672,4839.74,2467.474,8878.145999999999,8727.4,35290.43200000001
1955-09-01,16490.819,13376.724000000002,3258.8905,9929.401000000002,9286.747,52342.58150000001
1955-10-01,45820.83350000001,38061.3815,7235.808,9022.9415,10578.005500000001,110718.97000000003
1955-11-01,68371.24500000001,59832.277500000004,14816.745,4978.585000000001,10256.6785,158255.53100000002
1955-12-01,111093.8515,105387.322,30466.559999999998,4020.5545,11595.541,262563.8290000001
1956-01-01,130494.46500000001,111385.426,33459.6615,1895.4326,11849.429,289084.41410000005
1956-02-01,79538.35,70920.0425,32781.3045,2133.4526,9721.1335,195094.2831
1956-03-01,124504.295,117343.86000000002,67351.72599999998,4048.3235000000004,7749.5345,320997.739
1956-04-01,165602.415,158223.795,45769.2625,7219.94,5912.8135,382728.226
1956-05-01,162488.32,152789.005,64453.832500000004,16877.6015,11113.5505,407722.30950000003
1956-06-01,44721.974500000004,32392.538500000002,20497.488999999998,11205.981600000001,9552.536,118370.51959999999
1956-07-01,7690.029500000001,4688.994000000001,2362.3485,5873.1435,12156.871500000001,32771.387
1956-08-01,14003.509999999998,8632.192,1394.4005,5660.909,10760.487500000001,40451.499
1956-09-01,15146.006000000001,9286.747,1632.4205000000004,9278.813,11018.342499999999,46362.329
1956-10-01,46818.534,39830.6635,11200.8245,10211.058,10990.5735,119051.6535
1956-11-01,64749.37400000001,53814.33850000001,14751.2895,7206.0555,10141.6355,150662.693
1956-12-01,76995.50300000001,67508.4225,14055.081,5849.3415,9326.417000000001,173734.76499999998
1957-01-01,74877.125,66361.9595,11424.960000000001,4663.208500000001,8769.053500000002,166096.3065
1957-02-01,90844.3,87022.09550000001,23837.703,3931.2970000000005,7872.5115000000005,213507.90700000004
1957-03-01,124920.83,107711.984,30960.451500000003,4579.9015,8832.525500000002,277005.6925
1957-04-01,132497.8,128134.10000000002,49791.800500000005,5704.546,8592.522,324720.7685
1957-05-01,221338.76499999998,217213.085,115753.09300000001,16615.7795,7075.1445,577995.867
1957-06-01,144964.0975,128610.14000000001,53074.493,30036.1405,6934.315999999999,363619.18700000003
1957-07-01,13265.648,7372.6695,4157.416,9102.281500000001,9330.384,43228.399
1957-08-01,29619.6055,27527.013000000003,2903.844,8223.591,9524.767,77798.82050000002
1957-09-01,42617.89137931035,38489.817500000005,4395.436,10195.19,10163.454000000002,105861.78887931035
1957-10-01,,79449.0925,9602.1235,10052.377999999999,10137.6685,109241.2625
1957-11-01,,81184.655,15072.616500000002,6523.731500000001,8415.9905,111196.99350000001
1957-12-01,,74450.6725,29133.647999999997,6178.6025,8273.178500000002,118036.10149999999
1958-01-01,,74460.59000000001,24014.234500000002,6597.121,7767.386,112839.3315
1958-02-01,,101753.55,30359.451,11256.362500000001,5522.064000000001,148891.42750000002
1958-03-01,,98651.35600000001,52608.370500000005,14997.243499999999,4427.1720000000005,170684.14200000002
1958-04-01,,159889.935,105899.065,21931.5595,4125.68,291846.2395
1958-05-01,,136109.7535,90435.69900000001,28913.4795,2897.8935,258356.82549999998
1958-06-01,,16705.037,2828.471,24730.278000000002,5282.0605000000005,49545.8465
1958-07-01,,4183.2015,2154.081,5355.45,13007.793000000001,24700.525500000003
1958-08-01,,22968.93,2294.9094999999998,5982.236,14703.6855,45949.761
1958-09-01,,33425.942,3141.864,10798.174,14162.19,61528.170000000006
1958-10-01,,41970.86,4893.2945,7557.135,12117.2015,66538.49100000001
1958-11-01,,62888.850999999995,13463.998000000001,5034.123,10861.646,92248.61799999999
1958-12-01,,70213.9165,12874.898499999998,5024.2055,12087.448999999999,100200.4695
1959-01-01,,66199.3125,12783.6575,4548.1655,11734.386,95265.5215
1959-02-01,,71578.56450000002,10371.721500000001,5918.763999999999,9024.925000000001,96893.975
1959-03-01,,72923.3775,12628.944499999998,5591.4865,8417.974,99561.78250000002
1959-04-01,,99750.215,17198.9285,5510.163,8435.8255,130895.13200000003
1959-05-01,,24656.8885,6341.249500000001,10439.1605,10024.609,51461.9075
1959-06-01,,4080.0595,2288.9590000000003,13932.104,9653.6945,29954.817
1959-07-01,,2179.8665,1303.1595000000002,10677.1805,9221.291500000001,23381.498
1959-08-01,,1513.4105,993.7334999999999,11365.455,9973.038,23845.637
1959-09-01,,18307.705,6160.750999999999,13612.760500000002,10026.5925,48107.809
1959-10-01,,47264.8215,9606.0905,8146.2345,9677.4965,74694.64299999998
1959-11-01,,45065.12,7664.244000000001,4554.116,9137.9845,66421.46449999999
1959-12-01,,47413.584,6660.593000000001,4494.611,9572.371000000001,68141.159
1960-01-01,,51519.429000000004,7410.356,4113.779,9550.5525,72594.11649999999
1960-02-01,,54074.177,9675.513,3409.6365000000005,8261.2775,75420.604
1960-03-01,,111506.41950000002,31833.191500000004,3931.297,10290.398,157561.306
1960-04-01,,116570.295,31587.237500000003,6904.563499999999,7061.260000000001,162123.356
1960-05-01,,48484.674,9945.269,10145.6025,7594.8215,76170.367
1960-06-01,,1338.8625,2320.695,9619.975,9054.6775,22334.21
1960-07-01,,1130.595,1172.2485000000001,6920.431500000001,8771.037,17994.311999999998
1960-08-01,,1440.021,2614.253,6696.296,8039.125500000001,18789.6955
1960-09-01,,4324.030000000001,3197.402,6648.691999999999,8273.1785,22443.302499999998
1960-10-01,,22947.111500000003,9391.872500000001,6503.896500000001,8542.934500000001,47385.81500000001
1960-11-01,,50692.3095,10913.217,5555.7835,8074.8285,75236.1385
1960-12-01,,47322.343,7134.6494999999995,5010.321,8421.941,67889.2545
1961-01-01,,40023.063,6791.503999999999,3619.8875,8415.9905,58850.44500000001
1961-02-01,,58374.40500000002,7311.1810000000005,3730.9635000000003,7461.927000000001,76878.4765
1961-03-01,,69773.5795,9433.526000000002,4064.1915,8340.6175,91611.91450000001
1961-04-01,,57884.480500000005,5498.262000000001,2665.824,7588.870999999999,73637.4375
1961-05-01,,2649.956,922.3275,4595.1744499999995,6077.444,14244.901949999998
1961-06-01,,1416.219,610.9180000000001,2640.4352000000003,5581.569,10249.141200000002
1961-07-01,,1553.0805,384.799,4278.4095,4197.086,10413.375000000002
1961-08-01,,1499.526,184.46550000000002,3112.1115,4831.806,9627.909
1961-09-01,,9612.041000000001,2027.1370000000002,4621.555,4117.746,20378.479
1961-10-01,,33003.4565,1965.6485,4062.208,5504.212500000001,44535.525499999996
1961-11-01,,43682.620500000005,1229.7700000000002,4950.816000000001,6184.553000000001,56047.7595
1961-12-01,,46721.342500000006,6063.559499999999,3784.518,6841.0915,63410.5115
1962-01-01,,44575.1955,6400.7545,3201.369,6174.6355,60351.9545
1962-02-01,,157880.6495,28729.014000000006,4859.575000000001,5704.546000000001,197173.7845
1962-03-01,,97417.619,29474.81,8144.250999999999,3586.168,138622.848
1962-04-01,,181748.105,73395.4505,9377.988,3832.1220000000003,268353.6655
1962-05-01,,148107.94499999998,46979.1975,14513.2695,5075.7765,214676.1885
1962-06-01,,48492.608,8989.222,15304.686,6418.606,79205.122
1962-07-01,,4179.2345000000005,3877.7425,10532.385,6882.745,25472.107
1962-08-01,,1338.8625,989.5681500000001,8441.776,6434.474,17204.680650000002
1962-09-01,,1295.2255,2175.8995000000004,12367.122500000003,5926.698,21764.9455
1962-10-01,,29813.9885,6172.652000000001,7541.267,6000.0875,49527.995
1962-11-01,,47149.7785,12515.885000000002,6121.081,5789.8365,71576.58099999999
1962-12-01,,47155.729,8671.862000000001,4518.4130000000005,6854.976000000001,67200.98000000001
1963-01-01,,47312.425500000005,7327.049,1925.9785000000002,8671.862000000001,65237.315
1963-02-01,,93539.87650000001,13438.212500000001,0.0,9580.305,116558.39400000001
1963-03-01,,57878.530000000006,9822.292000000001,3707.1615,6908.530500000001,78316.51399999998
1963-04-01,,95172.297,22369.913,5470.493,6999.771500000001,130012.47450000001
1963-05-01,,80944.6515,42656.357599999996,9844.1105,5464.5425000000005,138909.6621
1963-06-01,,56765.78650000001,12928.453000000001,16096.1025,4688.994,90479.336
1963-07-01,,1172.2485000000001,1904.16,7527.382500000001,4714.7795,15318.5705
1963-08-01,,1176.2155,1428.1200000000001,9756.836500000001,4199.0695000000005,16560.241500000004
1963-09-01,,18385.0615,6743.899999999999,11708.6005,3778.5675,40616.129499999995
1963-10-01,39078.917,32337.0005,6234.140500000001,9334.351,4839.74,91824.149
1963-11-01,74295.9595,60970.806500000006,9203.44,7648.376,3863.858,155982.44
1963-12-01,58509.28299999999,51263.5575,12087.448999999999,5666.8595,5587.519499999999,133114.6685
1964-01-01,61389.32500000001,51814.970499999996,12206.459,4677.093,6109.18,136197.0275
1964-02-01,61290.149999999994,52822.5885,16324.205000000002,3360.0490000000004,6970.019,140767.0115
1964-03-01,71207.65,60941.054000000004,20164.261000000002,3760.7160000000003,8269.2115,164342.8925
1964-04-01,181510.08500000002,168458.655,41433.3315,5569.668,7027.5405,403999.2800000001
1964-05-01,183136.55500000002,173377.735,89584.77750000001,28538.598,1570.5352999999998,476208.20080000005
1964-06-01,179427.41,168607.4175,93946.494,31430.541000000005,5117.43,478529.29250000004
1964-07-01,13938.0545,5924.7145,4573.951,9451.3775,5754.1335,39642.23100000001
1964-08-01,4895.278,1398.3675,2727.3125,11908.934000000001,5373.3015000000005,26303.1935
1964-09-01,7452.009499999999,4556.0995,3774.6005,10940.986,6543.566500000001,33267.262
1964-10-01,36976.407,33160.153,6013.972000000002,7529.365999999999,7378.62,91058.51800000001
1964-11-01,59510.950500000006,54028.55650000001,7757.468500000001,6648.691999999999,6180.586,134126.2535
1964-12-01,109947.3885,101297.345,16314.2875,9941.302000000001,4862.351900000001,242362.6749
1965-01-01,105486.49699999999,98379.6165,7463.910500000001,8769.053500000002,6513.814,226612.8915
1965-02-01,118355.445,105284.18,17920.9225,8427.8915,5805.7045,255794.1435
1965-03-01,90318.6725,81133.084,25140.8625,6870.844,6728.032,210191.495
1965-04-01,160068.45,154197.29,54760.46800000001,10230.893,4091.9605,383349.0615
1965-05-01,165582.58000000002,151241.875,91578.19499999998,21384.1135,4589.8189999999995,434376.5825
1965-06-01,122838.15500000001,113595.045,65477.318499999994,33568.754,7611.28455,343090.55705
1965-07-01,40173.809,30176.969,12890.766500000002,16246.848500000002,8967.4035,108455.7965
1965-08-01,68892.90550000001,59366.155000000006,7965.736000000001,15064.6825,8259.294,159548.77300000002
1965-09-01,104193.255,92024.4825,24248.287500000002,16234.9475,7902.264000000001,244603.2365
1965-10-01,126249.775,110540.455,21423.7835,10084.114,8703.598000000002,277001.7255
1965-11-01,145509.56000000003,131406.87500000003,16026.68,6870.844000000001,7703.914000000001,307517.87299999996
1965-12-01,145331.045,131406.875,14598.560000000001,7039.4415,8203.756000000001,306579.6774999999
1966-01-01,149873.26,135909.42,10889.415,8122.4325,8231.525,313026.05250000005
1966-02-01,134302.785,122302.61000000002,5752.15,15155.923500000003,8868.2285,286381.69700000004
1966-03-01,179367.905,163222.215,21889.906,15782.7095,9068.562,389331.29750000004
1966-04-01,158680.0,143750.19550000003,6251.992,7315.148,7767.386,323764.72150000004
1966-05-01,86940.77200000001,70116.72499999999,7791.188000000001,15973.125499999998,9219.308,190041.11849999998
1966-06-01,7192.171,1562.998,3790.4685000000004,10367.7545,9467.2455,32380.6375
1966-07-01,6902.580000000001,1319.0275000000001,1951.7640000000001,8231.525,8971.3705,27376.267000000003
1966-08-01,5454.625,1291.2585000000001,2044.9885000000002,9046.7435,9134.017500000002,26971.633
1966-09-01,8574.6705,4871.476,3445.3395,12587.291000000001,9197.4895,38676.266500000005
1966-10-01,30107.5465,24773.915,6930.349000000001,10139.652,9612.041,81563.5035
1966-11-01,48540.212,43763.944,6872.8275,5660.909000000001,7158.4515,111996.34400000003
1966-12-01,60457.079999999994,54379.636,7511.5145,6216.289,7110.8475,135675.367
1967-01-01,65217.480000000025,60540.387,6755.8009999999995,5194.7865,8217.640500000001,145926.09500000003
1967-02-01,62063.715000000004,56343.30100000001,6704.2300000000005,5916.7805,7660.277,138688.3035
1967-03-01,97473.157,87426.7295,8844.426500000001,5004.3705,8035.1585000000005,206783.842
1967-04-01,133291.2,122639.80500000001,7553.168000000001,5785.8695,7852.6765000000005,277122.719
1967-05-01,181609.26,175876.945,30559.7845,23813.901,6194.470499999999,418054.36100000003
1967-06-01,205807.96,188690.355,78677.51100000001,38547.339,7221.9235,518945.0885
1967-07-01,48990.4665,31579.3035,6694.3125,14794.926500000003,8116.482,110175.49100000001
1967-08-01,53647.724500000004,41974.827,2691.6095,9508.899000000001,9120.133,116943.19299999998
1967-09-01,66855.851,53984.919499999996,5190.8195000000005,13567.140000000001,9798.49,149397.22
1967-10-01,106817.42550000001,89584.77750000001,18990.029,9988.905999999999,9258.978,234640.116
1967-11-01,120438.12000000001,103756.88500000001,18492.1705,7523.415500000001,7104.897000000001,257315.48799999998
1967-12-01,115717.39000000001,99746.248,22536.527000000002,7860.610500000001,7394.488,253255.26350000003
1968-01-01,117125.675,93706.4905,18416.7975,7241.758500000001,7142.5835,243633.30500000005
1968-02-01,93363.345,76783.2685,6777.619500000001,8051.0265,6979.936499999999,191955.19600000005
1968-03-01,146937.68,125714.23,10496.682,16695.1195,8019.290500000001,307863.00200000004
1968-04-01,119803.4,103697.38,12486.132500000003,21967.2625,9506.915500000001,267461.0905
1968-05-01,63640.5975,48809.968,27158.082000000002,22397.682,5637.107,167643.4365
1968-06-01,107535.45250000001,89130.556,51614.637,35578.0395,7628.540999999999,291487.22599999997
1968-07-01,6958.1179999999995,1356.7140000000002,5002.387000000001,12377.039999999999,10056.345000000001,35750.60400000001
1968-08-01,41629.698,30341.5995,11133.385499999999,17036.2815,9733.0345,109873.99900000001
1968-09-01,19349.042500000003,11857.363000000001,7981.604,13019.694000000001,9903.6155,62111.31900000001
1968-10-01,70198.04850000002,62190.659,19890.538,12297.7,9411.7075,173988.653
1968-11-01,111363.6075,98157.4645,25474.090500000002,11073.8805,8638.1425,254707.18550000002
1968-12-01,113515.70500000003,101138.665,29766.384500000004,17480.5855,9451.3775,271352.7175
1969-01-01,160127.955,137734.24,39606.528,24111.426,9705.265500000001,371285.4145
1969-02-01,117423.20000000001,102527.11500000002,39915.954,29806.054500000002,10082.130500000001,299754.454
1969-03-01,172683.51,152987.355,122481.12500000001,35587.957,9826.259,493566.206
1969-04-01,253431.795,233021.58000000002,90665.785,39429.9965,7432.174500000001,623981.3310000001
1969-05-01,125537.69850000003,104189.28800000002,83308.9835,27223.537500000002,6960.101499999999,347219.609
1969-06-01,42661.118,32592.872000000003,22970.913500000002,30920.7815,7505.564,136651.24899999998
1969-07-01,27007.336000000003,14350.622499999998,8536.984,12468.281,9840.1435,72203.367
1969-08-01,7711.848,1392.417,4381.5515000000005,11508.267,10246.761,35240.8445
1969-09-01,13791.275500000002,6033.807000000001,5335.615000000001,11984.307,10393.539999999999,47538.5445
1969-10-01,61891.15049999999,50571.316000000006,18496.1375,15929.488500000001,11315.8675,158203.96000000002
1969-11-01,84643.879,74252.3225,23321.993000000002,13945.988500000001,10780.322499999998,206944.50550000003
1969-12-01,101416.35499999998,85405.543,11726.452000000001,20043.267499999998,11920.835000000001,230512.45249999998
1970-01-01,121053.005,97776.6325,17028.3475,29107.8625,10956.854,275922.70149999997
1970-02-01,84397.925,68851.25200000001,6771.669000000002,31948.234500000002,8009.373000000001,199978.45350000003
1970-03-01,84128.16900000001,73367.6815,8568.72,33903.9655,8261.2775,208229.81350000005
1970-04-01,79736.7,72034.7695,14711.6195,23742.495000000003,7380.603499999999,197606.1875
1970-05-01,125359.1835,109106.38450000001,49155.097,33640.16,5317.7635,322578.58849999995
1970-06-01,96106.5255,76995.50300000001,44793.3805,33068.912000000004,8102.5975,259066.91850000006
1970-07-01,6648.692000000001,1830.7705,4732.631,14354.5895,9689.3975,37256.0805
1970-08-01,6265.8765,1455.889,4189.152,10375.6885,9893.698,32180.304000000004
1970-09-01,24059.855,16941.0735,29998.454,16496.769500000002,10827.926500000001,98324.0785
1970-10-01,68504.13949999999,55655.02649999999,26041.371500000005,14140.371500000001,8590.5385,172931.44749999998
1970-11-01,69799.365,70035.4015,22748.7615,10855.695500000002,9147.902,182587.12550000002
1970-12-01,121092.67499999999,104272.595,25410.6185,18900.7715,10603.791,280280.45099999994
1971-01-01,164888.355,144603.10049999997,33725.4505,25920.378,11258.346000000001,380395.63000000006
1971-02-01,151103.03000000003,141820.25,32416.340500000002,28863.892,9201.4565,363404.969
1971-03-01,178475.33,171394.23500000002,55895.02999999999,33870.24600000001,10778.339,450413.18
1971-04-01,255950.84,245358.94999999998,118018.25,31073.511000000002,5387.186,655788.7370000001
1971-05-01,334715.62500000006,328586.61000000004,103062.66,29623.5725,4919.08,800907.5474999999
1971-06-01,362524.295,351912.57,49533.9455,34707.283,8657.9775,807336.071
1971-07-01,152352.63499999998,133564.92299999998,6053.642,13535.404,9213.3575,314719.9615
1971-08-01,71745.1785,61885.20000000001,6341.249500000001,14995.26,9419.6415,164386.52949999998
1971-09-01,136524.30500000002,113158.675,17587.6945,14796.909999999998,10304.2825,292371.867
1971-10-01,176610.84000000003,152035.275,27445.6895,13118.869,10502.632500000002,379713.306
1971-11-01,172723.18,147215.37,24940.529000000002,15100.385500000002,9082.4465,369061.91099999996
1971-12-01,181986.125,155903.1,24063.822,20822.783,9834.193000000001,392610.023
1972-01-01,198032.63999999998,162408.98000000004,35389.606999999996,27415.937,10397.507,433644.67100000003
1972-02-01,166177.63000000003,144815.335,41522.589,27709.495000000003,9871.879500000001,390096.9285
1972-03-01,226198.33999999997,209219.58000000002,102963.485,32297.3305,9873.863,580552.5985
1972-04-01,247778.82,232505.87000000002,129264.69500000002,35510.6005,2318.7115000000003,647378.697
1972-05-01,251606.975,242939.08000000002,83957.588,23498.5245,8544.918,610547.0854999999
1972-06-01,181728.27000000002,171473.575,32870.562,27564.699500000002,8316.8155,421953.92199999996
1972-07-01,97679.44099999999,80486.463,4815.938,12985.9745,8665.9115,204633.728
1972-08-01,54113.847,46596.382,5964.3845,15542.706,8562.7695,130780.089
1972-09-01,115977.2285,102451.742,9032.859,16482.885000000002,10272.5465,254217.261
1972-10-01,129661.39499999996,114037.3655,24377.215,13227.9615,9752.8695,291056.8065
1972-11-01,149000.52000000002,132934.17,23415.217500000002,7838.7919999999995,9487.0805,322675.78
1972-12-01,146104.61,126249.775,26279.3915,7416.306499999999,8665.9115,314715.9945
1973-01-01,154117.95,135354.04000000004,35498.6995,14902.0355,8084.745999999999,347957.47099999996
1973-02-01,140035.1,127360.53500000002,34362.154,24539.861999999997,8003.422500000001,334301.0735
1973-03-01,201265.745,181113.385,54689.062,29347.866,9431.5425,475847.60049999994
1973-04-01,194085.475,178455.495,59707.317,33013.373999999996,7592.838,472854.499
1973-05-01,185734.94,166455.32,121112.51000000001,36964.506,7660.277,517927.5530000001
1973-06-01,54018.639,37273.932,37615.094000000005,28522.73,11508.267000000002,168938.662
1973-07-01,38735.7715,27614.287000000004,8354.502,18799.613,11208.7585,104712.932
1973-08-01,7898.297,1434.0705,6035.7905,13430.278500000002,10421.309,39219.7455
1973-09-01,84465.364,81202.5065,19537.475,19503.7555,10653.3785,215362.47950000004
1973-10-01,106652.795,98863.59049999999,30232.507,13674.248999999998,11018.3425,260441.48399999997
1973-11-01,96989.183,90110.405,30405.0715,17189.011000000002,11097.6825,245791.35300000003
1973-12-01,116907.49,111175.17499999999,25011.934999999998,21715.358000000004,11028.26,285838.218
1974-01-01,138249.95,122481.12500000001,36200.8585,32828.9085,10927.1015,340687.94350000005
1974-02-01,125991.92,112662.80000000003,31636.825,32694.030500000004,9506.9155,312492.491
1974-03-01,218740.38,208941.89,72143.862,39840.581,7967.719499999999,547634.4325
1974-04-01,194422.67,189602.765,104312.265,47691.274000000005,5113.463000000001,541142.437
1974-05-01,207255.915,194541.68000000002,146124.445,41217.130000000005,3838.0725,592977.2424999999
1974-06-01,149129.4475,140943.543,40108.3535,29885.394500000002,9693.364500000001,369760.10299999994
1974-07-01,43323.607,38118.903,4254.6075,14491.451000000001,10855.695500000002,111044.26400000002
1974-08-01,45396.364499999996,39273.3,3723.0295,13793.259,9294.681,111480.634
1974-09-01,62357.27300000001,55159.151500000014,5779.919000000001,14933.7715,10064.279,148294.394
1974-10-01,77179.9685,64259.449499999995,13384.658000000001,13051.430000000002,10228.9095,178104.4155
1974-11-01,79726.7825,68357.36050000001,13690.116999999998,7842.759000000001,8082.762500000001,177699.7815
1974-12-01,105978.40499999998,95108.825,14755.256500000001,8358.469000000001,7380.603499999999,231581.55899999998
1975-01-01,111968.57500000001,102903.97999999998,20582.7795,8453.677,6482.078,250391.08950000003
1975-02-01,93978.23000000001,81864.9955,24972.265000000007,18728.207000000002,6563.401500000002,226107.09900000005
1975-03-01,154832.01,129012.79049999999,40017.112499999996,32241.792500000003,8197.8055,364301.511
1975-04-01,144240.12,130712.65,96322.72699999998,36071.931000000004,6749.8505000000005,414097.2785
1975-05-01,254661.56500000003,241054.755,164828.85,38299.4015,1727.6285,700572.2000000002
1975-06-01,211262.58500000002,199996.30500000002,114168.27650000002,62464.38199999999,4159.3995,592050.9480000001
1975-07-01,88384.76000000001,74597.45150000001,40624.0635,39683.8845,10415.3585,253705.518
1975-08-01,54546.25,44868.753500000006,7662.260499999999,16758.591500000002,9459.3115,133295.16700000002
1975-09-01,79931.08300000001,67613.54800000001,8987.2385,16584.0435,10147.586000000001,183263.49899999998
1975-10-01,160306.47,150031.94,27852.307,23587.782000000003,10445.111,372223.61000000004
1975-11-01,165463.57,150388.97,35851.762500000004,28790.5025,10217.0085,390711.8135
1975-12-01,132834.99500000002,125535.715,37755.9225,35203.158,12960.189,344289.9795000001
1976-01-01,125952.25000000001,115360.36000000003,26987.501,38513.6195,12454.3965,319268.12700000004
1976-02-01,125833.24,113178.51,39384.376000000004,45789.0975,8677.8125,332863.036
1976-03-01,194978.05000000002,173020.70500000002,50527.679000000004,50975.95,9185.5885,478687.97250000003
1976-04-01,265967.515,239269.605,57894.397999999994,49242.371,6628.857000000001,619002.746
1976-05-01,240043.17000000004,218780.05000000002,46755.062,33128.417,10236.843499999999,548943.5425
1976-06-01,97923.41150000002,72066.5055,10645.444500000001,21221.466500000002,11268.263500000001,213125.09150000004
1976-07-01,16941.0735,9665.5955,6043.724499999999,14679.8835,10236.843499999999,57567.1205
1976-08-01,30528.048499999997,20368.5615,6960.101499999999,14981.375500000002,10919.1675,83757.25450000001
1976-09-01,62480.25,45691.906,6833.157499999999,15340.389000000001,10968.755000000003,141314.45750000002
1976-10-01,95572.96399999999,85014.7935,13545.3215,10893.382,11028.26,216054.72100000002
1976-11-01,97522.74450000002,88789.39400000001,10996.524000000001,7757.468500000001,8427.8915,213494.02250000005
1976-12-01,102844.475,95346.84500000002,7352.8345,7182.253500000002,8294.997000000001,221021.405
1977-01-01,101555.2,93748.14400000003,4956.7665,6541.583000000001,7715.8150000000005,214517.5085
1977-02-01,66508.7385,58059.0285,3112.1115,6136.9490000000005,6779.602999999999,140596.43050000002
1977-03-01,80286.12950000001,69382.83,2737.23,8669.8785,7370.686,168446.75400000002
1977-04-01,45574.8795,37476.248999999996,4022.538,6811.339000000001,6670.5105,100555.51599999999
1977-05-01,32023.6075,23772.2475,11196.857500000002,14263.3485,7864.5775,89120.63850000002
1977-06-01,8663.928,1457.8725000000002,4964.700500000001,13454.0805,7273.4945,35814.076
1977-07-01,6450.342000000001,926.2945,4435.106,12835.2285,9393.856000000002,34040.827000000005
1977-08-01,18250.1835,11059.996000000001,4909.1625,13281.516,9253.0275,56753.885500000004
1977-09-01,34082.4805,28492.9775,5349.499500000001,11498.3495,9205.423499999999,88628.7305
1977-10-01,21792.714500000002,11847.445500000002,8114.498500000001,7531.3495,6934.316000000001,56220.324
1977-11-01,49387.16650000001,38285.517,7144.567,6581.253,6130.9985,107529.502
1977-12-01,57400.5065,47941.195,4940.8985,6795.4710000000005,6253.9755000000005,123332.04649999998
1978-01-01,68222.4825,59794.591000000015,5676.777,7017.6230000000005,6607.0385,147318.51200000002
1978-02-01,72895.6085,65346.40750000001,5220.572,7453.993000000001,6321.4145,157237.9955
1978-03-01,129661.39499999996,117135.5925,19682.270500000002,14187.975499999999,5936.615500000001,286603.84900000005
1978-04-01,211718.79,195751.615,62851.16449999999,23518.359500000002,5147.1825,498987.1115
1978-05-01,193986.30000000002,177860.445,110348.0555,33289.080500000004,5049.991,520533.87200000003
1978-06-01,91508.7725,79760.50200000001,55190.887500000004,40088.518500000006,7699.947000000001,274248.6275
1978-07-01,8642.1095,1751.4305000000002,4960.7335,18369.1935,9197.4895,42920.95650000001
1978-08-01,9909.566,2788.801,6420.5895,16000.894500000002,8935.6675,44055.518500000006
1978-09-01,27969.333500000004,20199.964,14552.939499999999,17984.394500000002,9108.232,89814.86349999999
1978-10-01,47534.57750000001,38658.415,14053.097500000002,7965.736000000001,7846.725999999999,116058.55200000001
1978-11-01,65971.21,57130.7505,19799.297000000002,8459.6275,6726.048499999999,158086.93349999998
1978-12-01,72645.68750000001,62119.253000000004,17548.0245,9110.2155,6811.339000000001,168234.51950000005
1979-01-01,69015.8825,57241.82649999999,16500.736500000003,7055.309499999999,6448.358499999999,156262.1135
1979-02-01,71386.16500000001,61555.939000000006,10845.778,23611.584000000006,7993.505,175392.97100000002
1979-03-01,154951.02000000002,130181.072,30853.3425,35816.0595,8550.8685,360352.36250000005
1979-04-01,147473.225,132339.12,39523.221000000005,36750.288,7761.4355000000005,363847.2895000001
1979-05-01,112028.08000000002,100811.3875,28851.991,31821.2905,6543.5665,280056.31549999997
1979-06-01,24994.083500000004,13152.5885,7208.039000000001,24958.380500000003,7378.62,77691.7115
1979-07-01,9032.859,1061.1725000000001,4476.7595,15417.745499999999,8368.3865,38356.923
1979-08-01,9171.704,956.047,4552.1325,17853.483500000002,8076.812,40610.179000000004
1979-09-01,9850.061,825.1360000000001,4887.344000000001,13202.176000000001,8880.1295,37644.8465
1979-10-01,43494.188,32412.3735,8846.41,11482.4815,9526.7505,105762.20350000002
1979-11-01,58784.9895,52388.202,9054.6775,7432.174500000001,7882.429,135542.4725
1979-12-01,53619.9555,45763.312,5623.222499999999,7321.0985,7340.933500000001,119668.52200000001
1980-01-01,150523.848,117665.18699999999,16391.644,9288.7305,7279.4450000000015,301148.8545
1980-02-01,128272.945,111550.0565,34584.306000000004,22802.316,8156.152000000001,305365.77550000005
1980-03-01,111317.98700000001,99288.0595,43853.2015,33003.4565,9786.589,297249.29349999997
1980-04-01,144755.83,148306.295,129615.7745,33277.179500000006,8336.6505,464291.7295000001
1980-05-01,288857.10500000004,272473.395,166772.68000000002,44378.829000000005,9546.5855,782028.5945
1980-06-01,286869.63800000004,265455.772,79080.1615,46118.3585,10724.7845,688248.7145
1980-07-01,59643.845,46828.4515,6436.4574999999995,22540.494,10651.395,146100.643
1980-08-01,51075.125,45783.147000000004,3512.7785000000003,12488.116000000002,10405.441,123264.60750000001
1980-09-01,99413.02,95471.8055,9637.826500000001,13231.928500000002,10068.246,227822.82650000002
1980-10-01,115122.34,107180.406,13848.797,19624.749000000003,10857.679,266633.97099999996
1980-11-01,124861.32500000001,119922.41,18650.8505,25392.767000000003,10228.909500000002,299056.26200000005
1980-12-01,122322.44499999998,115955.41,22861.820999999996,32069.228,10760.487500000001,303969.39149999997
1981-01-01,109883.9165,99222.604,6993.821,33632.226,11127.435000000001,260860.00249999997
1981-02-01,67563.9605,65729.223,5367.351000000001,31737.9835,9820.308500000001,180218.82650000002
1981-03-01,68708.44,68321.65750000002,6954.151,37720.21950000001,11177.022500000001,192881.49050000004
1981-04-01,69692.25600000001,70289.28949999998,10556.187,30849.3755,9879.8135,191266.92150000003
1981-05-01,72007.0005,71152.11200000001,35177.372500000005,29986.553,9060.627999999999,217383.666
1981-06-01,73312.1435,56527.76650000001,38434.2795,29603.737500000003,8056.977000000001,205934.904
1981-07-01,7993.505,1178.199,4347.831999999999,12849.113000000001,9009.057,35377.706000000006
1981-08-01,6269.843500000001,859.6489,4111.7955,12478.198500000002,8715.499000000002,32434.9854
1981-09-01,10732.7185,1379.7226,5046.024,13823.0115,9540.635,40522.11160000001
1981-10-01,53711.1965,44729.908500000005,9592.206,15852.132000000001,9971.0545,133856.4975
1981-11-01,53215.3215,40368.192,8394.172,15453.4485,8400.1225,125831.2565
1981-12-01,67647.2675,54431.207,8895.997500000001,19662.4355,9691.381000000001,160328.2885
1982-01-01,62083.55,68841.3345,8469.545,22536.527000000002,10240.810500000001,172171.767
1982-02-01,59604.17500000001,112841.31500000002,23474.722500000003,25198.384000000002,10179.322,231297.91850000003
1982-03-01,173080.21000000002,159037.03,82434.26000000002,39152.3065,8253.343499999999,461957.1500000001
1982-04-01,204320.335,201107.065,162746.17500000002,46433.73500000001,6297.612499999999,620904.9225
1982-05-01,320731.95,312916.96,124662.97499999999,58665.9795,6277.7775,823255.6420000001
1982-06-01,175956.285,151878.5785,64263.41650000001,60230.961,11730.419,464059.66000000003
1982-07-01,42520.2895,32442.126,18341.4245,38832.962999999996,12761.839000000002,144898.642
1982-08-01,62823.3955,51939.931000000004,6954.151,15560.557499999999,11099.666000000001,148377.701
1982-09-01,119922.41,119192.48199999999,22050.5695,32872.5455,11216.692500000001,305254.6995
1982-10-01,185655.6,,37176.7405,66473.0355,11337.685999999998,300643.062
1982-11-01,182343.15500000003,,44537.509000000005,59132.102,10607.758000000002,296620.52400000003
1982-12-01,193292.075,,48990.4665,63624.7295,12507.951000000001,318415.222
1983-01-01,191844.12,,38882.550500000005,66010.87999999999,12896.716999999999,309634.2675
1983-02-01,169450.405,,36113.584500000004,64820.780000000006,9623.942000000001,280008.71150000003
1983-03-01,265947.68,,68018.182,80054.06000000001,9104.265,423124.187
1983-04-01,228042.99500000002,,126606.805,86897.135,8382.271,449929.206
1983-05-01,379562.56,,220565.2,123909.24500000001,4494.611,728531.6160000002
1983-06-01,469990.325,,251884.665,172346.315,11831.577500000003,906052.8825000001
1983-07-01,257398.795,,37027.978,132696.15,14711.619500000003,441834.5425
1983-08-01,187202.73,,25450.2885,101535.365,14904.018999999998,329092.4025
1983-09-01,179189.39,,57594.8895,79320.16500000001,13394.5755,329499.0200000001
1983-10-01,260691.40500000003,,42446.9,90546.775,13216.060500000001,406901.1405
1983-11-01,261861.67000000004,,38743.705500000004,96179.915,12718.202,409503.49250000005
1983-12-01,271382.47000000003,,115848.30099999999,107009.825,13035.562,507276.158
1984-01-01,223738.79999999996,,103975.07,111076.00000000001,12097.366499999998,450887.2365
1984-02-01,206779.87500000003,,29205.054,103776.72,9671.546,349433.195
1984-03-01,313631.02,,51569.0165,115717.39000000001,8687.73,489605.15650000004
1984-04-01,398088.45,,118335.61000000002,130871.33000000002,7799.122,655094.5120000001
1984-05-01,590150.755,676373.5,252797.07499999998,185754.775,5147.1825,1710223.2875
1984-06-01,547485.67,,169279.82400000002,196306.995,11514.2175,924586.7065000001
1984-07-01,207474.1,,18049.850000000002,122937.32999999999,15582.376000000002,364043.65599999996
1984-08-01,181093.55,,12315.5515,93482.355,10381.639000000001,297273.09550000005
1984-09-01,203705.45,,30789.870499999997,75273.825,9955.186500000002,319724.332
1984-10-01,250337.53500000006,232585.21,59534.752499999995,90031.065,15564.5245,648053.087
1984-11-01,266046.85500000004,237028.25000000003,14917.9035,91360.01,13247.7965,622600.8150000002
1984-12-01,233398.445,201384.755,32886.43,92986.48,11637.194500000001,572293.3044999999
1985-01-01,175004.205,153364.22,84737.1035,83386.34000000001,17944.7245,514436.593
1985-02-01,149754.25000000003,131228.36,68422.816,75452.34000000003,15241.214000000002,440098.98
1985-03-01,227150.41999999998,182779.525,71106.4915,96239.42000000001,9975.0215,587250.8780000001
1985-04-01,431887.29000000004,377301.37000000005,153245.21000000002,103380.02,9881.797,1075695.6870000002
1985-05-01,216082.49,166058.62,134897.83500000002,114804.98,12827.294500000004,644671.2194999999
1985-06-01,42498.471000000005,37210.46000000001,27118.412,82634.5935,14630.296,204092.2325
1985-07-01,65749.058,39896.119000000006,7412.339500000001,52685.727000000006,13525.4865,179268.73
1985-08-01,75511.845,27062.874,6791.503999999999,33031.22550000001,12613.076500000001,155010.525
1985-09-01,103433.57449999999,78723.1315,15635.9305,37394.9255,14580.7085,249768.2705
1985-10-01,123234.85500000001,110778.47499999999,20390.38,49775.9325,14455.748000000001,318635.3905
1985-11-01,142165.379,123742.63100000001,15146.006000000001,58431.92650000001,13269.615,352755.5575
1985-12-01,148068.275,125991.92,26049.3055,69085.30499999998,14116.5695,383311.37500000006
1986-01-01,142216.95,127439.875,29197.120000000003,68833.40050000002,15584.3595,383271.7050000001
1986-02-01,331363.51,301968.04,133215.82700000002,87789.71,15032.153100000001,869369.2400999999
1986-03-01,371430.21,352289.435,215348.59500000003,60841.879,3908.48675,1003818.60575
1986-04-01,418736.685,411992.78500000003,216538.695,163579.245,1867.6636,1212715.0736
1986-05-01,488952.585,460648.04000000004,245239.94,187024.215,2764.2056,1384628.9856
1986-06-01,395390.89,398088.45,82908.3165,165106.54,10571.658300000001,1052065.8548
1986-07-01,208604.695,201483.93000000002,10786.273000000001,101991.57,13257.714000000004,536124.182
1986-08-01,139420.215,124841.49,10524.451000000001,80014.39,12722.168999999998,367522.715
1986-09-01,189820.95,171295.06,27959.416,81184.655,11512.829049999998,481772.91004999995
1986-10-01,202812.875,185020.88,52663.908500000005,85092.15,12539.687000000002,538129.5005000001
1986-11-01,210429.515,198647.52500000002,38757.590000000004,85310.335,10730.735000000002,543875.7000000001
1986-12-01,181966.29,175718.26499999998,38682.217000000004,87432.68000000001,10365.770999999999,494165.22300000006
1987-01-01,138190.445,127301.03000000001,28935.298,83465.68000000001,9286.747,387179.2
1987-02-01,124960.50000000001,126805.15500000001,20543.109500000006,74440.755,7697.963500000001,354447.48300000007
1987-03-01,118855.28700000001,121421.936,52489.3605,81779.705,7884.412499999999,382430.70100000006
1987-04-01,72258.905,75000.10200000001,26047.322000000004,50722.062,9387.9055,233416.29650000005
1987-05-01,77120.4635,61619.41099999999,9429.559,44872.7205,7561.102000000001,200603.25600000002
1987-06-01,62097.434499999996,24922.6775,6515.797500000001,21080.638,7249.692499999999,121866.24
1987-07-01,35562.171500000004,14429.962500000001,3899.561,21927.592500000002,8535.0005,84354.288
1987-08-01,47344.1615,13789.292000000001,4254.6075,20995.3475,8148.218000000001,94531.62650000001
1987-09-01,39503.386,12144.9705,5034.123,16790.327500000003,8596.489,82069.296
1987-10-01,38517.5865,31244.092,6430.507,15639.8975,7648.376000000001,99480.459
1987-11-01,57557.20300000001,46138.1935,6357.117499999999,13166.473000000002,6458.275999999999,129677.26299999999
1987-12-01,63055.465000000004,59707.316999999995,5075.7765,11781.990000000003,6722.0815,146342.63
1988-01-01,69680.35500000001,61434.945499999994,4494.611,12452.413,5559.7505,153622.075
1988-02-01,63162.57400000001,55242.4585,4734.614500000001,10760.4875,6372.9855,140273.12
1988-03-01,67526.274,87151.02299999999,4504.5285,12377.039999999999,5666.8595,177225.725
1988-04-01,90368.26000000001,76695.99450000002,3554.4320000000002,14781.042000000001,5446.690999999999,190846.4195
1988-05-01,39396.277,21040.968,2749.1310000000003,24355.396500000003,7315.148000000001,94856.92050000002
1988-06-01,8600.456,1808.952,2195.7345,14378.3915,9231.209,36214.743
1988-07-01,7630.5245,1767.2985,1723.6615,12224.310500000001,9879.8135,33225.6085
1988-08-01,6436.4574999999995,1824.82,2011.2690000000002,14293.101,10242.794,34808.4415
1988-09-01,14806.827500000003,7453.993000000001,3590.135,14227.6455,8997.155999999999,49075.757000000005
1988-10-01,40219.429500000006,17206.8625,1683.9915,11726.452000000001,7231.840999999999,78068.5765
1988-11-01,38515.603,37861.048,2687.6425,10145.6025,6202.4045,95412.30050000001
1988-12-01,44400.64750000001,43341.4585,2568.6325,10193.2065,6033.807000000001,106537.752
1989-01-01,47008.95,45295.206,2173.9159999999997,6668.526999999999,9532.701000000001,110679.29999999999
1989-02-01,43398.98,40485.2185,2267.1405,6093.312000000001,11250.412,103495.06300000001
1989-03-01,124325.78000000003,123135.68000000001,11908.934000000001,8602.4395,11165.1215,279137.955
1989-04-01,135611.89500000002,131823.41,14596.576500000001,9346.252,9617.9915,300996.12500000006
1989-05-01,78951.234,50960.082,11385.29,20783.113,12890.766500000002,174970.4855
1989-06-01,15191.626500000002,6497.946000000001,2608.3025000000002,17647.1995,13307.3015,55252.376
1989-07-01,11196.857500000002,1596.7175000000002,2031.104,12117.2015,12581.340500000002,39523.221
1989-08-01,12123.152,5829.506500000001,2786.8175,11762.155,12700.3505,45201.98150000001
1989-09-01,10522.4675,10224.942500000001,5089.661,12900.684000000001,10205.1075,48942.8625
1989-10-01,26088.9755,15970.613066666669,9187.572000000002,11149.253499999999,8941.618,71338.03206666667
1989-11-01,55950.56800000001,49024.186,9971.0545,8531.033500000001,8132.349999999999,131609.19199999998
1989-12-01,63027.696,51801.086,5113.463,8213.673499999999,7973.670000000001,136129.5885
1990-01-01,77751.21650000001,58767.138,4222.8715,8045.076000000001,7969.703000000001,156756.00499999998
1990-02-01,50775.616500000004,47237.052500000005,4510.479,4706.8455,9528.734000000002,116758.7275
1990-03-01,68668.77,67125.607,4790.1525,9588.239,6985.886999999999,157158.65550000002
1990-04-01,54621.62299999999,42415.164,4966.684,10702.966,6797.4545,119503.8915
1990-05-01,18240.266,9941.302000000001,7200.1050000000005,13940.038,8104.581000000001,57426.29200000001
1990-06-01,17377.4435,9524.767,4819.905000000001,16998.595,13039.529,61760.23950000001
1990-07-01,7539.2835,1241.671,5696.612,10518.5005,11299.9995,36296.0665
1990-08-01,6541.583000000001,1086.9579999999999,5224.539000000001,10639.494,10074.1965,33566.7705
1990-09-01,9530.7175,2580.5335,4928.9974999999995,11296.032500000003,8715.499,37051.780000000006
1990-10-01,24623.169,21112.374000000003,6793.4875,9643.777,8410.04,70582.8475
1990-11-01,43752.043,45199.99800000001,8213.6735,8142.267500000001,7765.4025,113073.38449999999
1990-12-01,39842.5645,37755.9225,4341.8814999999995,9897.665,6200.421,98038.45449999999
1991-01-01,45047.268500000006,41786.3945,3479.0589999999997,7408.3725,7265.5605,104986.65500000001
1991-02-01,48813.935000000005,44130.891500000005,3970.967,7973.670000000001,6367.035,111256.4985
1991-03-01,56148.918,48786.166,4462.875,8291.03,7830.858,125519.84699999998
1991-04-01,61280.2325,62381.075,4254.6075,11569.755500000003,6968.0355,146453.706
1991-05-01,92107.7895,86258.448,8685.7465,24063.822,9865.929,220981.73500000002
1991-06-01,90687.6035,81936.4015,20697.8225,35443.1615,15358.240500000002,244123.22950000002
1991-07-01,5650.9915,1370.5985,3953.1155000000003,10306.266000000001,12285.799,33566.770500000006
1991-08-01,6047.691500000001,1322.9945,5488.3445,12097.366499999998,12817.377,37773.774
1991-09-01,27376.267,21278.988,10774.372,17341.7405,11149.2535,87920.621
1991-10-01,13366.806499999999,8380.2875,9366.087,13243.829499999998,10714.867,55071.877499999995
1991-11-01,42536.1575,42331.857,11551.904,12220.3435,9048.727,117688.989
1991-12-01,52473.4925,53090.361,10272.5465,9439.4765,8886.080000000002,134161.9565
1992-01-01,44212.215,45521.325000000004,6928.3655,8294.997000000001,8332.683500000001,113289.58600000002
1992-02-01,46354.395000000004,61555.939000000006,10704.949500000002,8957.486,8489.38,136062.1495
1992-03-01,57707.949,66000.96250000001,5115.4465,9046.7435,9048.727,146919.82849999997
1992-04-01,37954.27250000001,39844.548,6440.424499999999,8824.5915,8023.257500000001,101087.094
1992-05-01,4417.2545,1535.229,6718.114500000001,17123.555500000002,8312.8485,38107.002
1992-06-01,4615.6045,1416.219,5170.9845000000005,12456.380000000003,7170.3525,30829.540500000003
1992-07-01,4974.618,1562.998,4893.2945,10722.801,9832.2095,31985.921
1992-08-01,3395.752,1505.4765,5155.1165,8921.783,8124.416,27102.543999999998
1992-09-01,3701.2110000000002,1415.808620689655,6089.344999999999,8283.096,6412.655500000001,25902.116120689654
1992-10-01,5881.0775,4948.8325,6303.563,8314.832,5956.4505,31404.755500000003
1992-11-01,39658.099,40372.15900000001,8501.281,11109.5835,6400.7545,106041.87700000001
1992-12-01,39303.052500000005,39023.379,4808.004,10562.1375,4623.5385,98320.11150000001
1993-01-01,38122.87,40233.314000000006,4538.2480000000005,14598.560000000001,3332.28,100825.27200000001
1993-02-01,40165.875,43726.2575,6414.639,15280.884000000002,3697.244,109284.89950000001
1993-03-01,138714.089,135112.053,15259.0655,19184.412,5508.1795,313777.79900000006
1993-04-01,136226.78000000003,136618.07045454546,23681.0065,18523.9065,5571.651500000001,320621.41495454544
1993-05-01,238753.89500000005,241969.5452,114100.83750000002,67135.5245,4769.722449999999,666729.52465
1993-06-01,147937.364,126809.122,72566.3475,52646.057,6157.5774,406116.4679
1993-07-01,28645.707000000002,20596.664,8632.192,25359.0475,10764.4545,93998.06499999999
1993-08-01,18293.820499999998,9729.0675,6515.7975000000015,14533.1045,10058.3285,59130.11850000001
1993-09-01,20890.222,13108.951500000001,7860.6105,15181.709,8673.845500000001,65715.33850000001
1993-10-01,60790.308,47508.792,15913.6205,15639.8975,9377.988000000001,149230.606
1993-11-01,56113.215000000004,56252.060000000005,11135.369,11494.382499999998,7334.983000000001,142330.00950000001
1993-12-01,62254.13100000001,64453.832500000004,7307.214000000001,9889.731,8552.852,152457.76050000003
1994-01-01,69331.25899999999,61553.95550000001,6851.009,7737.633500000001,9443.4435,154917.3005
1994-02-01,65189.711,61432.962,8971.3705,8622.274500000001,7594.821500000001,151811.13950000002
1994-03-01,100384.935,97988.867,31694.346500000003,10133.701500000001,7697.963499999999,247899.8135
1994-04-01,95485.69,100761.8,50902.5605,16655.4495,7961.769000000001,271767.26900000003
1994-05-01,25535.579,21100.473,30286.061500000003,23143.478,7640.442000000001,107706.03350000002
1994-06-01,8013.34,6273.8105000000005,5986.2029999999995,17496.453500000003,8068.878,45838.685000000005
1994-07-01,4443.040000000001,1557.0475000000001,4264.525000000001,11048.095000000001,8001.439,29314.146500000003
1994-08-01,4522.38,1358.6975,4643.3735,12462.330500000002,7124.732,30111.513500000005
1994-09-01,6123.0645,1729.6119999999999,5698.595500000001,10687.098,6605.055,30843.425000000003
1994-10-01,34574.3885,34508.933000000005,10667.262999999999,13539.371,7571.019500000001,100860.97500000002
1994-11-01,36972.44,33134.3675,11526.1185,11024.293000000001,6515.797500000001,99173.01650000001
1994-12-01,32882.462999999996,29591.8365,10421.309,8788.888500000001,7221.9235,88906.42050000001
1995-01-01,68627.1165,63328.03095833334,10107.916,9780.638500000001,7307.214000000001,159150.91595833335
1995-02-01,69323.32500000001,67837.68350000001,11861.33,11855.379500000001,6162.337800000002,167040.05580000003
1995-03-01,141542.56,132735.81999999998,58632.259999999995,19973.844999999998,6882.745,359767.23000000004
1995-04-01,104213.09,104282.51250000001,36714.585,21316.6745,4675.1095,271201.9715
1995-05-01,163678.42,149582.60096153847,81680.53000000001,36551.938,6561.418000000001,438054.9069615385
1995-06-01,182886.63400000002,169424.6195,121410.035,102398.1875,3330.8915500000003,579450.3675500001
1995-07-01,18712.339,14505.3355,33203.79,72748.8295,7255.643,146425.937
1995-08-01,7039.4415,1725.6450000000002,6999.771500000001,20868.4035,7047.375499999999,43680.637
1995-09-01,14027.312,11833.561000000002,8812.6905,16927.189,8552.851999999999,60153.6045
1995-10-01,40362.2415,35141.6695,11139.336,16046.515,7210.022500000001,109899.78450000002
1995-11-01,65411.86300000001,63007.861,11817.693,10695.032,6230.173500000001,157162.62249999997
1995-12-01,65967.243,63620.762500000004,19485.904,12940.354,4637.423000000001,166651.68650000004
1996-01-01,61135.437,51967.7,28772.651,36885.166000000005,7319.114999999999,186080.06900000002
1996-02-01,83013.44200000001,60831.9615,68551.7435,51221.904,9623.942000000001,273242.99299999996
1996-03-01,113733.89000000001,97302.57600000002,75934.33050000001,64092.83549999998,8757.152500000002,359820.78449999995
1996-04-01,165661.92,150567.48500000002,74934.6465,62180.741500000004,7545.234,460890.02700000006
1996-05-01,164152.4765,158531.2375,25261.856000000003,64610.529,6999.771500000001,419555.8705000001
1996-06-01,148425.30500000002,131109.35,23871.4225,64477.6345,9320.4665,377204.17850000004
1996-07-01,15669.650000000001,10399.4905,7612.673000000002,19825.0825,8419.9575,61926.85350000001
1996-08-01,8043.092500000001,2717.395,6696.296,14376.408000000001,6644.725,38477.9165
1996-09-01,25964.015,20939.8095,11163.138,16463.050000000003,6557.451,81087.46350000001
1996-10-01,43272.036,24391.0995,16346.0235,12640.8455,7336.9665,103986.97099999999
1996-11-01,64967.559,56400.8225,17530.173000000003,10583.956,7017.6230000000005,156500.1335
1996-12-01,127896.08,111972.542,27227.5045,21812.5495,8126.3994999999995,297035.07550000004
1997-01-01,169490.075,143528.0435,48661.205500000004,49210.635,7795.155000000001,418685.114
1997-02-01,105085.83,95446.02000000002,33582.6385,55460.6435,8439.792500000001,298014.9245
1997-03-01,163797.43000000002,157787.425,74918.7785,68986.13,8364.4195,473854.1830000001
1997-04-01,228578.54,214158.495,83679.89800000002,66790.39550000001,7787.2210000000005,600994.5495
1997-05-01,342332.265,320771.62,120457.955,94727.993,8695.664,886985.4970000001
1997-06-01,293915.02999999997,269041.94,97163.731,107089.16500000001,10288.4145,777498.2805000001
1997-07-01,86597.62649999998,71638.0695,8775.004,43071.7025,9080.463000000002,219162.86549999996
1997-08-01,96893.975,82733.7685,10667.262999999999,19890.538,7703.914,217889.4585
1997-09-01,110566.2405,93525.992,13396.559,18948.375500000002,7690.0295,244127.1965
1997-10-01,151162.535,123968.75000000003,10097.9985,20858.486,7715.8150000000005,313803.5845
1997-11-01,163638.75,144616.98500000002,12196.541500000001,55038.157999999996,10074.196500000002,385564.63100000005
1997-12-01,146659.99,109148.038,26305.176999999996,47324.3265,10887.4315,340324.96300000005
1998-01-01,177662.095,151539.4,29012.654500000004,54782.286499999995,10302.299,423298.73500000004
1998-02-01,154217.125,135116.02,16348.007,59253.0955,8582.6045,373516.852
1998-03-01,205054.23,192716.86,47209.2835,77594.52,9685.4305,532260.324
1998-04-01,241669.64,229471.11500000002,119109.175,82493.765,8959.469500000001,681703.1645000002
1998-05-01,322318.75,300480.41500000004,129443.20999999999,95227.835,7932.016500000001,855402.2265
1998-06-01,251487.965,224591.70500000002,128790.63850000002,126011.75499999999,8336.6505,739218.714
1998-07-01,77961.46750000001,75136.9635,27233.454999999998,94910.47499999999,9943.2855,285185.64650000003
1998-08-01,54355.834,47611.934,9336.3345,41407.546,9786.589,162498.2375
1998-09-01,85635.62900000002,82773.4385,12803.492499999998,25055.572,8897.981,215166.113
1998-10-01,141859.92,134362.29,24571.598,25271.7735,9826.259,335891.84050000005
1998-11-01,150865.01,145231.87,17972.493500000004,59241.19450000001,10607.758000000002,383918.326
1998-12-01,157807.26,127437.8915,16859.75,58695.732,10697.0155,371497.64900000003
1999-01-01,144815.335,121727.395,16034.614,64197.960999999996,10460.979,357236.28400000004
1999-02-01,142931.01,131882.915,36637.228500000005,59743.020000000004,9328.400500000002,380522.574
1999-03-01,173457.075,166475.155,63704.0695,65495.170000000006,10236.843499999999,479368.31299999997
1999-04-01,171771.1,167347.89500000002,32319.149,71191.782,10032.543,452662.46900000004
1999-05-01,297445.66,288559.58,157450.23,91280.67,4439.072999999999,839175.2129999999
1999-06-01,264440.22000000003,238238.185,55992.221500000014,93819.55,6684.3949999999995,659174.5715
1999-07-01,69850.936,38458.08150000001,7662.260499999999,41463.084,8459.627499999999,165893.9895
1999-08-01,59895.749500000005,31892.6965,8455.660500000002,19122.9235,9447.410500000002,128814.44050000001
1999-09-01,83703.70000000001,67452.8845,10923.134499999998,13471.932,8745.2515,184296.90250000003
1999-10-01,86121.58649999999,82053.42800000001,14915.92,11865.297,8757.152500000002,203713.384
1999-11-01,111869.40000000001,103439.525,13864.665,9310.549,7444.0755,245928.2145
1999-12-01,110818.145,106434.61,5609.338,12166.789,8372.3535,243401.23549999998
2000-01-01,146402.135,105183.0215,8846.41,15136.0885,5313.0031,280880.65809999994
2000-02-01,105561.87000000001,93164.995,19063.4185,66242.9495,1575.2957000000001,285608.5287
2000-03-01,112841.315,99621.2875,40245.215000000004,69317.3745,6117.1140000000005,328142.306
2000-04-01,114309.10500000001,85542.4045,29931.015000000003,51828.855,7336.9665,288948.346
2000-05-01,59798.558000000005,32174.3535,9637.826500000001,39184.0425,8515.1655,149309.94600000003
2000-06-01,12801.509,4885.3605,6027.8565,21879.9885,9280.7965,54875.511000000006
2000-07-01,6460.2595,2060.8565,5813.638500000001,11268.263500000001,9717.1665,35320.184499999996
2000-08-01,6345.216499999999,5397.1035,7717.7985,13059.363999999998,9241.1265,41760.609
2000-09-01,31069.544,12894.7335,10030.5595,11738.353000000001,8513.182,74246.37199999999
2000-10-01,35568.122,19009.864,10113.8665,13967.807,8120.4490000000005,86780.10850000003
2000-11-01,36954.5885,31464.2605,9185.588500000002,10070.2295,8864.2615,96538.9285
2000-12-01,34737.0355,36470.6145,7701.9305,6460.2595,8895.997500000001,94265.8375
2001-01-01,50511.811,36452.763000000006,4087.9935,6882.745,8233.5085,106168.82100000003
2001-02-01,59384.0065,33187.922,4210.9705,9336.3345,5529.998,111649.23150000002
2001-03-01,95701.89150000001,66189.39500000002,4913.1295,10677.1805,7549.201000000001,185030.79750000002
2001-04-01,91990.763,49500.226,6829.1905000000015,12049.7625,7346.884000000001,167716.82600000003
2001-05-01,20067.0695,12652.746500000001,4373.6175,25408.635000000002,8164.086,70666.1545
2001-06-01,7168.3690000000015,3362.0325000000003,4173.284000000001,17313.9715,7636.475000000001,39654.132
2001-07-01,6833.157500000001,3141.864,4258.574500000001,12652.746500000001,7866.561000000001,34752.90350000001
2001-08-01,6773.6525,1537.2125,4014.6040000000003,15663.699499999999,6745.883500000001,34735.051999999996
2001-09-01,4341.8815,1487.625,4494.611,14364.507000000001,6638.7745,31327.399000000005
2001-10-01,14329.002350000002,7448.0425000000005,7391.11605,10898.73745,7693.996500000001,47760.894850000004
2001-11-01,37438.5625,20052.986650000003,9465.262,10215.421699999999,5811.85335,82984.08620000002
2001-12-01,74960.432,30718.26615,8578.835850000001,12004.142,6149.8417500000005,132411.51774999997
2002-01-01,71820.5515,32610.723500000004,4397.61785,8304.9145,6418.606000000002,123552.41335000002
2002-02-01,53869.87649999999,34673.563500000004,3768.0549500000006,8876.162500000002,3281.8991,104469.55655000002
2002-03-01,79946.951,52929.6975,5568.27955,11097.682499999999,5621.6357,155164.24625
2002-04-01,92589.78,55900.98049999999,6196.8507,14279.2165,6010.600050000001,174977.42775000003
2002-05-01,39114.62,19056.87295,5880.6808,22760.6625,6672.295649999999,93485.13190000001
2002-06-01,14845.902450000001,5547.0561,3348.9414,27457.590500000002,6692.3290000000015,57891.81945
2002-07-01,5055.9415,1738.53775,5641.470699999999,11375.3725,6922.415,30733.73745
2002-08-01,4086.6050500000006,1537.2125,3753.1787,10429.243,7085.062,26891.301250000004
2002-09-01,18201.3894,5670.628150000001,6733.5858,12696.383500000002,7412.3395,50714.32635
2002-10-01,27602.386,12041.23345,7037.259650000001,11272.2305,7684.0790000000015,65637.18860000001
2002-11-01,41766.5595,25644.6715,6695.1059000000005,6178.00745,7471.8445,87756.18884999999
2002-12-01,50365.03200000001,30469.535250000004,4685.8204,6464.02815,7463.910500000001,99448.32630000002
2003-01-01,46457.537,29913.1635,4726.87885,5500.840550000001,9247.077,95845.49690000001
2003-02-01,49934.6125,37855.0975,2840.7687,6193.6771,5975.293750000001,102799.44955
2003-03-01,61067.998,48502.525499999996,3280.3123,8112.316650000001,6421.184550000001,127384.337
2003-04-01,65106.40400000001,50271.8075,4575.736150000001,10877.514000000001,7073.161,137904.62265
2003-05-01,17254.26815,7055.309499999999,4634.051050000001,28338.2645,7997.472,65279.36520000001
2003-06-01,4814.549550000001,2538.68165,3455.0586500000004,23811.917500000003,7932.016500000001,42552.22385000001
2003-07-01,2486.1189000000004,1537.2125,3044.6725,8903.733149999998,8396.1555,24367.89255
2003-08-01,3095.64845,1537.2125,3908.48675,10782.306,7757.4685,27081.122199999998
2003-09-01,6656.2293,1487.625,4827.640650000001,11678.848000000002,7392.504499999999,32042.84745
2003-10-01,21588.414,12620.01875,4173.48235,8538.9675,6825.2235,53746.106100000005
2003-11-01,39435.947,24183.823750000003,6988.2672,8450.9001,6821.851550000002,85880.78960000002
2003-12-01,43559.6435,28135.9475,5779.125600000001,9138.57955,6468.193499999999,93081.48965
2004-01-01,53457.3085,28336.281000000003,3048.6394999999998,8090.498150000001,6490.408699999999,99423.13584999999
2004-02-01,59457.396,29808.038000000004,3931.89205,11461.8531,5038.4866999999995,109697.66584999999
2004-03-01,96021.235,90455.534,7259.61,16679.2515,4699.90325,215115.53375
2004-04-01,65280.952,47543.50325,4811.5743,17157.274999999998,5782.100850000001,140575.40540000002
2004-05-01,24895.90025,17154.299750000002,4851.442650000001,22350.077999999998,7200.1050000000005,76451.82564999998
2004-06-01,29910.3866,17421.8739,3558.7957,18999.946500000002,6815.306,76706.3087
2004-07-01,2645.5923,1530.8653,3933.47885,11924.802000000001,6503.698150000001,26538.4366
2004-08-01,2880.042,1791.1005,3856.7174000000005,11668.9305,6272.025349999999,26468.81575
2004-09-01,7824.1141,4793.3261,5761.472449999999,8365.80795,6319.4310000000005,33064.1516
2004-10-01,33205.773499999996,38561.2235,9298.648,14269.89405,6378.5393,101714.07835
2004-11-01,44353.0435,44420.482500000006,5311.61465,12232.244499999999,6876.596149999999,113193.9813
2004-12-01,64939.79000000001,59221.35949999999,5702.364150000001,7573.003,7430.191000000001,144866.70765
2005-01-01,76215.9875,69055.5525,4277.6161,8793.2522,8707.565,167049.97329999998
2005-02-01,56398.83900000001,56859.01100000001,3798.7992000000004,10319.55545,4696.928,132073.13265
2005-03-01,137252.2495,133666.0815,6628.0636,14241.530000000002,6608.030250000001,298395.95485000004
2005-04-01,185318.40500000003,186210.98,63674.11865,24904.826,3450.6156100000003,463558.9452600001
2005-05-01,360520.96,320057.56,148901.345,50402.7185,1883.76962,881766.35312
2005-06-01,192849.7545,179484.9315,76223.92150000001,51402.402500000004,6035.195449999999,505996.2054500002
2005-07-01,14989.309500000001,7790.59295,7964.5459,23989.837450000003,9211.374,63945.659800000016
2005-08-01,10518.5005,5721.00905,5453.2365500000005,13039.528999999999,8897.981000000002,43630.256100000006
2005-09-01,17680.919,14482.92195,5987.19475,14786.9925,8661.9445,61599.972700000006
2005-10-01,47705.158500000005,47701.1915,10209.669550000002,13856.731,8860.2945,128333.04505
2005-11-01,51820.921,58304.982500000006,20142.4425,9766.754,7455.9765,147491.0765
2005-12-01,73131.64499999999,74581.98019999999,19392.6795,15562.541000000003,7356.8015,190025.64719999998
2006-01-01,111385.426,96122.3935,19049.534,12281.831999999999,8118.4655,246957.65100000004
2006-02-01,88001.9445,72927.3445,29433.1565,10879.4975,6840.496449999999,208082.43945
2006-03-01,153701.415,146124.445,51846.70650000001,36359.5385,2292.787155,390324.892155
2006-04-01,295620.84,276936.27,171870.27500000002,95366.68000000001,3071.6481,842865.7131
2006-05-01,236909.24000000005,224294.17999999996,90979.178,109350.35500000001,1765.4736800000003,663298.4266799998
2006-06-01,71435.7525,68238.35050000002,34852.276849999995,87240.2805,6964.465200000001,268731.12555
2006-07-01,7541.267,1537.2125,5003.1804,20729.5585,9082.4465,43893.6649
2006-08-01,9171.704,2560.6985000000004,6222.239499999999,17442.899,8933.684,44331.225000000006
2006-09-01,38089.1505,33626.87055,12272.311200000002,19285.5705,8894.014000000001,112167.91675000002
2006-10-01,68325.6245,72024.85199999998,17809.8465,14033.2625,9647.744,181841.3295
2006-11-01,77205.754,67928.9245,17621.414,7569.036,9046.7435,179371.87199999997
2006-12-01,86916.96999999999,69983.83050000001,19410.531000000003,10213.0415,7834.825000000001,194359.198
2007-01-01,80298.03050000001,64612.5125,28490.994000000002,10175.355,7517.8617,191094.75370000003
2007-02-01,82910.3,67913.05650000002,14390.2925,41288.53600000001,2151.10575,208653.29075000004
2007-03-01,116034.75,109534.82050000002,19215.15625,77029.2225,4999.80845,326813.7577
2007-04-01,85810.177,86863.41550000002,7186.6172,38949.9895,7459.9435,226270.1427
2007-05-01,28397.769500000002,28243.0565,7539.08515,22500.824,8435.8255,95116.56065000001
2007-06-01,6383.2997,2497.2265,5242.7872,15175.7585,8223.39265,37522.46455
2007-07-01,4751.47425,1537.2125,5403.4507,13039.528999999999,9244.6968,33976.36325
2007-08-01,4651.10915,1537.2125,5031.346100000001,13432.261999999999,8441.776,33093.705749999994
2007-09-01,8930.1137,7636.475000000001,5953.276900000001,14193.926000000001,7686.0625,44399.8541
2007-10-01,28802.4035,29607.704500000003,9141.35645,11510.2505,7999.4555,87061.17045
2007-11-01,37283.849500000004,35468.94700000001,5885.2428500000005,6801.4215,6759.768,92199.22885000001
2007-12-01,44874.704,44317.3405,4170.30875,8890.046999999999,7430.191000000001,109682.59124999998
2008-01-01,52152.1655,53592.1865,3895.594,8523.0995,7474.224699999999,125637.27019999998
2008-02-01,64699.7865,47334.244,14301.23335,11827.6105,3352.71005,141515.58440000002
2008-03-01,82210.1245,81018.041,29468.8595,12872.914999999999,3706.16975,209276.10975000003
2008-04-01,79734.71650000001,83420.0595,22768.5965,13172.4235,6480.094500000001,205575.8905
2008-05-01,87371.1915,88888.569,40030.997,33858.345,5299.316949999999,255448.41945000002
2008-06-01,70812.9335,71786.83200000001,37453.835450000006,41879.619,5076.371550000001,227009.59149999998
2008-07-01,5239.01855,1749.4470000000001,6064.947949999999,20600.631,7162.418500000001,40816.463
2008-08-01,5257.0684,1957.7145,5548.8412499999995,14705.669,7686.0625,35155.355650000005
2008-09-01,11730.419,8047.059499999999,6973.39095,17964.5595,7763.419000000001,52478.84795
2008-10-01,48748.4795,41699.1205,8997.155999999999,15360.224,7444.0755,122249.05549999999
2008-11-01,53467.226,51624.554500000006,6577.6827,11270.247000000001,6022.6994,128962.4096
2008-12-01,54986.587,54377.652500000004,4467.2387,10149.5695,5757.3071,129738.3548
2009-01-01,63745.723000000005,67559.9935,6166.899850000001,13503.668000000003,5855.2919999999995,156831.57635
2009-02-01,52360.43300000001,55811.723000000005,6109.37835,14479.550000000001,2338.74485,131099.82920000004
2009-03-01,117885.3555,120122.74350000001,10487.359550000001,17754.308500000003,2818.7518499999996,269068.5189
2009-04-01,155784.09,165225.55,34187.40765000001,30924.748500000005,5086.487400000001,391208.28354999993
2009-05-01,158322.97,172465.325,79722.81549999998,99175.00000000001,3434.0335499999997,513120.14405
2009-06-01,180319.98500000002,172800.53650000002,86746.389,100146.91500000001,7275.478000000001,547289.3035000002
2009-07-01,15358.240500000002,6680.428,8086.531150000002,33798.84,7729.50115,71653.5408
2009-08-01,8797.020850000003,3046.656,5802.332550000002,15417.745499999999,7650.3595000000005,40714.1144
2009-09-01,15475.267,10254.695000000002,7838.990349999999,17169.176000000003,8009.373,58747.50135
2009-10-01,58808.7915,49793.784,13420.361000000003,13672.2655,8445.743,144140.945
2009-11-01,61605.5265,60980.724,8070.8615,6479.102750000001,7483.745500000001,144619.96025
2009-12-01,59616.075999999994,54266.576499999996,7852.6765000000005,7454.3897,7522.82045,136712.53915
2010-01-01,59881.86500000001,58757.2205,18617.130999999998,6585.6167,7444.0755,151285.90869999997
2010-02-01,54337.982500000006,52652.007500000014,7058.284750000001,45485.02695000001,7592.838000000001,167126.13970000003
2010-03-01,71751.129,65419.797000000006,3795.6256,53740.949,6047.8898500000005,200755.39045
2010-04-01,91935.225,86115.63600000001,8657.1841,35018.692500000005,7014.052699999999,228740.7903
2010-05-01,60363.8555,51805.053,29834.41855,44091.22150000001,6220.454349999999,192315.0029
2010-06-01,96382.23199999999,91588.1125,67415.198,57176.37100000001,4993.262900000001,317555.17640000005
2010-07-01,7485.530650000001,3125.996,5497.8653,20854.519000000004,9181.6215,46145.532450000006
2010-08-01,7235.808,3911.462,5766.4312,19769.5445,8931.700499999999,45614.9462
2010-09-01,12583.324,3356.082,5552.411550000001,18426.715,8870.212,48788.74455000001
2010-10-01,31833.191500000004,29694.9785,8918.6094,15962.414600000002,8866.245,95275.43900000001
2010-11-01,45483.6385,51487.693,8657.9775,10687.098,8273.971899999999,124590.3789
2010-12-01,87234.33,93795.748,23264.471500000003,17121.572,9098.3145,230514.43600000005
2011-01-01,80930.767,84701.4005,30764.085,11538.0195,8802.773,216737.045
2011-02-01,71517.07600000002,63198.27699999999,37859.0645,19206.2305,7616.64,199397.288
2011-03-01,148683.16,142117.77500000005,110300.4515,74678.775,7338.950000000001,483119.11150000006
2011-04-01,230502.535,239448.12000000002,198786.37,85806.21,5523.234265000001,760066.469265
2011-05-01,326622.945,333347.01,246906.08000000002,125059.67499999999,1369.3092250000002,1033305.0192250002
2011-06-01,325452.68,334219.75000000006,220545.36500000002,160365.975,2523.44837,1043107.2183700001
2011-07-01,151281.545,159755.057,59308.63349999999,133053.18000000002,9754.853000000001,513153.2685
2011-08-01,84048.82900000001,85383.7245,13070.273249999998,73927.0285,11133.385499999999,267563.24075
2011-09-01,82771.455,80260.344,12135.846399999999,55004.43850000001,14078.883,244250.96690000006
2011-10-01,120735.64499999999,118375.28000000001,28120.0795,54936.999500000005,16994.628,339162.63200000004
2011-11-01,131942.42,133588.725,23417.201,52580.601500000004,15677.583999999999,357206.53150000004
2011-12-01,106890.81500000002,113456.20000000001,36563.839,16780.41,9399.8065,283091.0705000001
2012-01-01,128391.955,110520.62000000001,25789.467,36212.7595,14233.596,315148.3975
2012-02-01,80748.285,74726.379,17589.678,67220.815,13229.945000000002,253515.102
2012-03-01,114011.58,109528.87,35683.165,66330.22350000001,11647.112000000001,337200.95050000004
2012-04-01,106236.26,98084.075,19654.8982,32261.6275,10086.0975,266322.95820000005
2012-05-01,40078.600999999995,32164.436,7619.2185500000005,26273.441000000003,10074.1965,116209.89305
2012-06-01,12684.482499999998,6739.933000000001,5541.3039499999995,13511.601999999999,9984.939,48462.26045000001
2012-07-01,11599.508000000002,7959.785499999999,6407.696750000001,12111.251,9040.793,47119.03425
2012-08-01,7610.6895,4155.4325,3817.4440999999997,11010.4085,9867.9125,36461.8871
2012-09-01,11321.818000000001,4762.3835,6129.4117,13140.687500000004,9608.074,44962.3747
2012-10-01,41588.0445,34405.791,11541.9865,11254.379,8784.9215,107575.1225
2012-11-01,44672.387,41248.866,9179.638,8346.568000000001,7537.300000000001,110984.75900000002
2012-12-01,58628.293000000005,55129.399000000005,8324.7495,7514.0930499999995,7293.329499999999,136889.86405
2013-01-01,54421.289500000006,49361.381,6031.22845,6611.600550000001,7092.996,123518.4955
2013-02-01,52905.8955,47580.198000000004,5309.0361,7325.065500000001,6698.279500000001,119818.4746
2013-03-01,89255.5165,76061.2745,5235.6466,8129.77145,7422.2570000000005,186104.46604999996
2013-04-01,93085.655,82402.524,5022.023650000001,15052.781500000001,6041.54265,201604.5268
2013-05-01,29167.3675,20951.7105,7565.0689999999995,22970.9135,9905.797350000003,90560.85785000001
2013-06-01,8862.278,4564.0335000000005,2988.1427500000004,15467.333,8828.558500000001,40710.34575
2013-07-01,10494.6985,4210.9705,3292.41165,17690.836499999998,9969.071,45657.988150000005
2013-08-01,8862.278,3842.0395000000003,3558.9940500000002,11038.177500000002,9352.2025,36653.69155
2013-09-01,14193.926000000001,8131.556600000001,6223.8263,14368.474,10320.150500000002,53237.93340000001
2013-10-01,34024.959,32834.4623,7059.673199999999,11451.1422,8717.4825,94087.7192
2013-11-01,39021.3955,36607.476,7638.458500000001,6429.91195,6783.570000000001,96480.81195
2013-12-01,44291.55500000001,39884.218,6404.12645,6164.519650000002,6684.395,103428.81410000002
2014-01-01,46989.115000000005,41750.6915,5008.93255,7034.48275,6888.695499999999,107671.91730000002
2014-02-01,61635.279,53846.07450000001,4625.918699999999,9028.892000000002,6311.497,135447.6612
2014-03-01,89965.6095,81246.1435,4813.1611,10022.6255,5891.391699999999,191938.93130000003
2014-04-01,84655.78000000001,82646.49450000002,2715.60985,10321.53895,8925.75,189265.1733
2014-05-01,63565.224500000004,58663.996000000014,2652.8320750000003,25103.176,9800.4735,159785.70207500004
2014-06-01,15271.16485,9549.16405,2731.1803250000003,18660.768000000004,11032.227,57244.50422500001
2014-07-01,7235.60965,2583.11205,3230.427275,11639.178,10349.903,35038.229974999995
2014-08-01,20277.320499999998,14933.7715,3368.57805,17924.8895,10613.7085,67118.26805
2014-09-01,15366.174500000001,9426.58375,3718.0707500000003,15979.076000000003,10562.1375,55052.04250000001
2014-10-01,46802.666,45935.876500000006,7825.3042000000005,10902.5061,8685.7465,120152.0993
2014-11-01,47816.234500000006,51319.095499999996,7832.8414999999995,6617.3527,6676.461,120261.98520000001
2014-12-01,50271.8075,50964.24735,6969.622300000001,7845.9326,6656.626,122708.23574999999
2015-01-01,46037.035,47692.464100000005,6088.948300000001,9205.4235,6680.428,115704.29890000002
2015-02-01,55131.38250000001,55936.68350000001,2777.6934000000006,6930.349,5845.374500000001,126621.4829
2015-03-01,55153.201,53691.361500000006,3203.1541500000003,10603.791,4293.28575,126944.79340000001
2015-04-01,57120.83299999999,50146.847,3776.1873,9923.4505,6174.437150000001,127141.75495000002
2015-05-01,78716.7843,76782.87180000001,8745.6482,26862.540500000003,7555.1515,198662.9963
2015-06-01,54752.53399999999,41918.098900000005,3835.0972500000003,18706.3885,8037.142,127249.26065
2015-07-01,13913.65745,9654.0912,1185.81564,12392.908000000001,9334.351,46480.82329000001
2015-08-01,8456.25555,2916.3400500000002,1190.913235,12379.0235,9596.173,34538.705335000006
2015-09-01,23179.181000000004,12913.18005,3881.7095000000004,13606.809999999998,9360.1365,62941.01704999999
2015-10-01,26239.7215,21407.518799999998,6059.79085,10740.6525,8507.6282,72955.31184999997
2015-11-01,41752.675,45636.368,7390.521000000001,6080.617600000001,6478.111,107338.2926
2015-12-01,38519.57000000001,46217.5335,5764.4477,7555.74655,6654.6425,104711.94025000001
2016-01-01,46572.58,50573.2995,5030.5527,9191.538999999999,6868.860500000001,118236.83170000001
2016-02-01,81799.54000000001,66385.76150000001,5054.15635,9372.0375,6127.031500000001,168738.52685
2016-03-01,103994.905,97131.99500000001,4565.02525,11819.6765,6837.9179,224349.51964999997
2016-04-01,157370.88999999998,146739.33000000002,11654.450949999999,9842.325350000001,8812.6905,334419.6868
2016-05-01,126844.82500000001,115975.24500000002,10249.5379,26442.038500000002,9362.119999999999,288873.7664
2016-06-01,39146.752700000005,32353.86025,2424.43205,24063.822,9923.4505,107912.3175
2016-07-01,8371.9568,4391.8657,2797.1317000000004,10458.9955,9606.0905,35626.0402
2016-08-01,6896.034449999999,2397.8531500000004,2844.339,10804.124500000002,9362.119999999999,32304.471100000002
2016-09-01,28489.0105,20691.673649999997,8466.173050000001,11549.9205,9036.826000000001,78233.60369999999
2016-10-01,49101.542499999996,40481.84655,9131.240600000001,7244.9321,7106.087100000001,113065.64885
2016-11-01,56269.911499999995,50567.349,10131.718,7783.4523500000005,5447.881099999999,130200.31195000002
2016-12-01,76055.32400000001,74214.636,14055.874399999999,8737.7142,6082.204400000001,179145.753
2017-01-01,104371.77,85822.07800000001,6177.8091,10470.896499999999,6299.596,213142.1496
2017-02-01,289610.835,259540.975,68477.16390000001,11948.604,5690.06645,635267.64435
2017-03-01,312520.26,300222.56000000006,143089.69,20372.5285,5427.649400000001,781632.6878999999
2017-04-01,341895.895,325631.195,104371.77,19636.65,6862.909999999999,798398.42
2017-05-01,289432.32,280685.085,81123.16649999999,31571.369500000004,7320.701800000001,690132.6428
2017-06-01,147136.03,142203.06550000003,53585.24425,40550.674000000006,9727.084,393202.09774999996
2017-07-01,40820.43,35171.422,4227.433550000001,15025.0125,9239.143,104483.44105000001
2017-08-01,38604.8605,32398.0923,2260.59495,11609.425500000001,9356.1695,94229.14275
2017-09-01,63759.607500000006,61405.19300000001,6410.2753,16314.287500000002,9280.7965,157170.1598
2017-10-01,95602.7165,89465.7675,16653.466,10244.7775,8612.357,220579.08450000003
2017-11-01,143585.565,141145.86000000002,21473.371000000003,8316.8155,5780.7124,320302.3239
2017-12-01,132259.78,128173.77,7919.917150000001,7912.181500000001,5869.9699,282135.61855
2018-01-01,136464.80000000002,131882.915,4493.61925,8181.9375,5965.77295,286989.0447
2018-02-01,121271.19,117462.87000000001,3174.59175,8717.482500000002,3994.3723,254620.50655000002
2018-03-01,143506.225,142117.77500000005,4979.3784000000005,13529.4535,3251.7499000000007,307384.58180000004
2018-04-01,139479.72,136246.615,2874.0915,12418.6935,6412.06045,297431.1804499999
2018-05-01,92070.10299999999,83427.9935,3926.33825,22449.253,9431.5425,211305.23025
2018-06-01,18759.943,12315.353149999999,4471.602400000001,11085.781500000001,9021.55305,55654.233100000005
2018-07-01,9322.45,5322.9205999999995,4109.21695,9485.097,8590.5385,36830.22305
2018-08-01,11502.316499999999,7726.129199999999,3776.3856500000006,12150.921000000002,8529.050000000001,43684.802350000005
2018-09-01,12061.6635,4418.0479000000005,5094.4214,10173.371500000001,8531.033500000001,40278.5378
2018-10-01,38779.4085,35508.69634,9590.2225,12656.7135,8415.9905,104951.03133999999
2018-11-01,49311.79350000001,47272.7555,9491.0475,7355.214699999999,6158.17245,119588.98365000001
2018-12-01,57709.932499999995,54453.0255,8208.31805,7813.998250000001,7100.93,135286.20429999998
2019-01-01,60298.4,57989.606,3925.94155,9506.122100000002,7220.138349999999,138940.20799999998
2019-02-01,82162.5205,75238.122,3961.8429000000006,10464.946000000002,7049.359000000001,178876.79040000006
2019-03-01,120557.13000000002,101912.23000000001,8997.75105,17028.3475,4753.4577500000005,253248.91630000004
2019-04-01,194740.03,190515.175,102806.78850000001,24930.6115,2782.4538000000002,515775.05880000006
2019-05-01,170263.64,161694.91999999998,70846.653,36252.429500000006,4848.0707,443905.7132
2019-06-01,123899.3275,115449.61750000001,71899.0981,53818.305499999995,6250.405200000001,371316.7538
2019-07-01,11893.066,5883.89407,3454.8603000000003,21098.4895,8056.977,50387.28687
2019-08-01,22300.4905,15228.1229,4000.52115,12347.2875,9062.611499999999,62939.03355000001
2019-09-01,31708.231000000003,31572.559600000004,6083.196150000001,15822.3795,9139.968,94326.33425000001
2019-10-01,73708.8435,72106.17550000001,7508.539249999999,10631.560000000001,8695.664,172650.78225000002
2019-11-01,60950.9715,56837.43052,8037.142,7745.5675,6997.788,140568.89951999998
2019-12-01,89610.56299999998,84060.73,11008.425000000001,9550.5525,7083.078499999999,201313.349
2020-01-01,89495.52,82216.075,12194.557999999999,8894.014000000001,7245.7255000000005,200045.89250000002
2020-02-01,92569.94500000002,84933.47,22490.9065,27753.132000000005,6810.9423000000015,234558.3958
2020-03-01,157549.40500000003,154038.61,32392.5385,20057.152000000002,6088.5516,370126.25710000005
2020-04-01,116907.49,115479.37000000001,24369.677700000004,11988.274000000001,8707.565,277452.3767
2020-05-01,75210.353,69906.27565000001,6444.193150000001,27181.884000000002,10558.1705,189300.87630000003
2020-06-01,57150.585499999994,44335.39035,6419.3994,26638.405000000002,10040.476999999999,144584.25724999997
2020-07-01,25928.312,16355.147600000002,4192.52395,12091.416000000001,11250.412,69817.81155000001
2020-08-01,14973.4415,6426.9367,3325.1394,12099.35,10334.035,47158.9026
2020-09-01,25027.803000000004,14178.256350000001,8204.946100000001,12529.769499999999,10050.3945,69991.16945
2020-10-01,35960.855,30732.349,7811.22135,10292.3815,8586.37315,93383.18
2020-11-01,48226.819,45188.097,8205.739500000001,6764.925100000001,6567.170149999999,114952.75075000002
2020-12-01,64527.22200000001,53135.9815,7299.280000000001,6945.820299999999,6833.554199999999,138741.85799999998
2021-01-01,62198.59299999999,50360.07325,5733.5050999999985,6413.4489,6813.322500000001,131518.94275000002
2021-02-01,54201.12100000001,48786.166000000005,3816.6507000000006,7955.8185,6119.097500000002,120878.8537
2021-03-01,60627.661,58999.207500000004,3491.55505,10923.1345,3651.4251500000005,137692.98320000002
2021-04-01,57670.2625,48837.53865,4406.9403,10939.002500000002,6281.942849999999,128135.68679999998
2021-05-01,14217.728,9546.387149999999,5330.8546,16318.2545,7253.659500000002,52666.88375
2021-06-01,4746.9122,696.2085,3134.5250499999997,13763.506500000001,7836.8085,30177.96075
2021-07-01,2510.3176,211.91714000000002,3777.5757500000004,10304.2825,8606.8032,25410.89619
2021-08-01,11772.27085,5522.38136,5394.92165,18250.1835,7999.4555,48939.21286
2021-09-01,11726.452,164.6305,3977.3142000000003,10808.0915,7838.7919999999995,34515.2802
2021-10-01,37119.219,34917.534,8606.406500000001,14578.725000000002,8360.4525,103582.337
2021-11-01,44612.882000000005,37198.559,7945.901,6600.889650000001,7729.699500000001,104087.93115000002
2021-12-01,55153.201,46628.118,5978.86405,8421.941,7699.947,123882.07105000001
2022-01-01,50632.804500000006,46532.91,3846.4032,7945.901,7920.115500000001,116878.1342
2022-02-01,40697.45300000001,40068.6835,3048.6395,4194.11075,8340.6175,96349.50425
2022-03-01,64130.522000000004,60522.535500000005,3792.65035,11209.551899999999,3073.2349000000004,142728.49465
2022-04-01,75456.307,67772.228,3489.57155,8197.60715,6938.283,161853.99670000002
2022-05-01,20124.789350000003,17474.039950000002,4201.4497,22278.672,7644.409000000001,71723.36000000002
2022-06-01,23893.241,16057.027550000003,2203.0734500000003,23149.4285,7481.563650000001,72784.33415000001
2022-07-01,7759.451999999999,3775.7906000000003,2996.87015,9153.8525,8822.608,32508.573250000005
2022-08-01,25230.12,17420.48545,4170.70545,9251.044,7957.8020000000015,64030.15690000001
2022-09-01,19790.76795,11038.970900000002,6134.1721,7615.251550000001,6731.999000000001,51311.16150000001
2022-10-01,19604.914,18593.13065,7502.7871000000005,6543.9632,6059.989199999999,58304.78415
2022-11-01,34479.180499999995,35986.6405,8842.443,7227.080599999999,6127.031500000001,92662.3761
2022-12-01,46336.54350000001,45902.157,5481.00555,7976.24855,6722.676550000001,112418.63115
2023-01-01,59534.752499999995,60732.786499999995,7188.005650000001,14976.81345,8739.301,151171.6591
2023-02-01,47621.8515,47814.251000000004,4298.2445,6127.626550000002,7848.11445,113710.08799999999
2023-03-01,117601.71500000001,101733.715,37696.8142,17083.8855,4467.318039999999,278583.44774000003
2023-04-01,223004.905,208227.83000000002,189682.105,20650.218500000003,7860.491490000001,649425.5499900001
2023-05-01,403186.045,390709.83,216261.005,65651.8665,707.5541199999999,1076516.30062
2023-06-01,187044.05000000002,174409.155,20435.80215,62125.2035,7504.3739,451518.5845500001
2023-07-01,22413.550000000003,18182.149450000004,4966.287300000001,21227.417,8394.172,75183.57575
2023-08-01,35143.653,30535.189100000003,5074.9831,13953.922500000002,8985.255,93693.00269999998
2023-09-01,42673.019,37362.19775,6932.7292,11960.505000000001,8925.75,107854.20095
2023-10-01,53522.764,,19267.719,13365.814750000001,8827.765100000002,94984.06285000002
2023-11-01,71929.644,,16060.3995,9649.727499999999,6769.09045,104408.86145
2023-12-01,77747.2495,,22274.705,8427.8915,6976.3662,115426.21220000001
2024-01-01,73532.31199999999,,6878.777999999999,7748.5427500000005,8107.754599999999,96267.38734999998
2024-02-01,121925.745,,11199.039350000001,31998.218700000005,8456.453899999999,173579.45695000002
2024-03-01,135373.875,,43738.158500000005,70142.5105,1801.61305,251056.15705000004
2024-04-01,193192.9,,100960.15000000001,71882.04000000001,2477.3915,368512.4815
2024-05-01,166237.135,,112900.82000000002,84992.975,2789.1977,366920.1277
2024-06-01,76202.103,,34818.7557,86224.7285,4892.5011,202138.08829999997
2024-07-01,21824.4505,,4767.34225,15814.4455,9007.4702,51413.708450000006
2024-08-01,36069.9475,,6453.5156,13888.467,9570.3875,65982.31760000001
2024-09-01,29056.291500000003,,7603.9456,14572.774500000001,11226.609999999999,62459.621600000006
2024-10-01,39453.7985,,8533.413700000001,13242.83775,11853.396,73083.44595
2024-11-01,60223.02700000001,,11920.835000000003,9945.269,7561.102,89650.233
2024-12-01,66080.3025,,9405.757,10244.7775,8457.644,94188.48100000001
2025-01-01,65148.0575,,4413.2875,12162.822,12855.063499999998,94579.23049999999
2025-02-01,66778.4945,,4749.88745,32114.848500000004,7659.28525,111302.51569999999
2025-03-01,112801.645,,14565.2372,33814.708,3087.31775,164268.90795
2025-04-01,121053.005,,29714.8135,33396.1895,5835.8537,189999.8617
2025-05-01,73383.54950000002,,14433.5328,29125.714,8445.743,125388.5393
2025-06-01,18948.7722,,4803.838650000001,20846.585,8568.720000000001,53167.915850000005
2025-07-01,5574.23005,,2949.2661500000004,10903.2995,8654.0105,28080.806200000003
2025-08-01,10372.71325,,5243.183900000001,13007.793000000001,8535.0005,37158.69065
2025-09-01,20021.449,,4722.3168000000005,12404.809000000001,10195.19,47343.764800000004
2025-10-01,41211.179500000006,,11659.013000000003,16520.571500000002,10205.1075,79595.87150000001
2025-11-01,49777.916,,8320.782500000001,7108.864000000001,6353.150500000001,71560.713
2025-12-01,60641.54549999999,,9832.2095,7279.246650000001,6499.33445,84252.33610000001
